data;tipo;natureza;operacao;uf;municipio;recebedor;modalidade;campo;valor_anterior;valor_atual
2026-06-25;Alterado;dados_origem;0190501;RN;PARNAMIRIM/RN;MUNICIPIO DE PARNAMIRIM - RN EX-EDUARDO GOMESRN;SISTEMA DE TRATAMENTO DE ESGOTO;dias_sem_bm;21;34
2026-06-25;Alterado;dados_origem;0218113;RN;PARNAMIRIM/RN;ESTADO DO RIO GRANDE DO NORTE;IMPLANT. AMPLIA.DE SISTEMAS ABASTEC. AGUA;dias_sem_bm;172;185
2026-06-25;Alterado;dados_origem;0218245;BA;SIMÕES FILHO/BA;ESTADO DA BAHIA;IMPLANT.E AMPLIA.DE COLETA E TRATAM.ESGOTO;dias_sem_bm;49;34
2026-06-25;Alterado;dados_origem;0218348;MA;SÃO LUÍS/MA;ESTADO DO MARANHAO;IMPLANT.E AMPLIA.DE COLETA E TRATAM.ESGOTO;dias_sem_bm;177;190
2026-06-25;Alterado;dados_origem;0218593;MG;BETIM/MG;MUNICIPIO DE BETIM - MG;SANEAMENTO INTEGRADO;dias_sem_bm;442;455
2026-06-25;Alterado;dados_origem;0218598;PE;OLINDA/PE;ESTADO DE PERNAMBUCO;SANEAMENTO INTEGRADO;dias_sem_bm;361;374
2026-06-25;Alterado;dados_origem;0218598;PE;OLINDA/PE;ESTADO DE PERNAMBUCO;SANEAMENTO INTEGRADO;motivo_paralisacao;Dificuldade financeira da empresa executora;Dificuldade técnica da empresa executora
2026-06-25;Alterado;dados_origem;0218598;PE;OLINDA/PE;ESTADO DE PERNAMBUCO;SANEAMENTO INTEGRADO;detalhamento_motivo;Empresa deixou de executar parte da obra de menor impacto financeiro;Baixo ritmo de execução dos serviços
2026-06-25;Alterado;dados_origem;0218598;PE;OLINDA/PE;ESTADO DE PERNAMBUCO;SANEAMENTO INTEGRADO;principal_entrave;Não existe empresa contratada para execução dos serviços de esgotamento sanitário que estão impactando na funcionalidade do objeto.;Conclusão das obras. Prefeitura informou que irá licitar e concluir as obras com recurso prórprio.
2026-06-25;Alterado;dados_origem;0218696;AL;MACEIÓ/AL;SECRETARIA DA FAZENDA DO ESTADO DE ALAGOAS;URB.ASSENT.PREC E HABITACOES;situacao_compl;;tce em instauração
2026-06-25;Alterado;dados_origem;0218696;AL;MACEIÓ/AL;SECRETARIA DA FAZENDA DO ESTADO DE ALAGOAS;URB.ASSENT.PREC E HABITACOES;dias_sem_bm;3251;3264
2026-06-25;Alterado;dados_origem;0218696;AL;MACEIÓ/AL;SECRETARIA DA FAZENDA DO ESTADO DE ALAGOAS;URB.ASSENT.PREC E HABITACOES;motivo_paralisacao;Vandalismo, furtos ou zona perigosa;
2026-06-25;Alterado;dados_origem;0218696;AL;MACEIÓ/AL;SECRETARIA DA FAZENDA DO ESTADO DE ALAGOAS;URB.ASSENT.PREC E HABITACOES;detalhamento_motivo;Depredação de parte da obra já executada;
2026-06-25;Alterado;dados_origem;0218696;AL;MACEIÓ/AL;SECRETARIA DA FAZENDA DO ESTADO DE ALAGOAS;URB.ASSENT.PREC E HABITACOES;principal_entrave;Invasão do prédio da creche, do posto de saúde e das 72 unidades habitacionais inacabadas por populares.;
2026-06-25;Alterado;dados_origem;0218696;AL;MACEIÓ/AL;SECRETARIA DA FAZENDA DO ESTADO DE ALAGOAS;URB.ASSENT.PREC E HABITACOES;plano_acao;Sim;
2026-06-25;Alterado;dados_origem;0218696;AL;MACEIÓ/AL;SECRETARIA DA FAZENDA DO ESTADO DE ALAGOAS;URB.ASSENT.PREC E HABITACOES;previsao_retomada;2026-06-30;
2026-06-25;Alterado;dados_origem;0218721;CE;MARACANAÚ/CE;ESTADO DO CEARA;SANEAMENTO INTEGRADO;dias_sem_bm;16;29
2026-06-25;Alterado;dados_origem;0218743;MT;VÁRZEA GRANDE/MT;MUNICIPIO DE VARZEA GRANDE - MT;URB.ASSENT.PREC E HABITACOES;dias_sem_bm;49;62
2026-06-25;Alterado;dados_origem;0218745;PA;BELÉM/PA;MUNICIPIO DE BELEM - PA;URB.ASSENT.PREC E HABITACOES;dias_sem_bm;65;78
2026-06-25;Alterado;dados_origem;0218746;PA;BELÉM/PA;ESTADO DO PARA;URB.ASSENT.PREC E HABITACOES;dias_sem_bm;296;309
2026-06-25;Alterado;dados_origem;0218746;PA;BELÉM/PA;ESTADO DO PARA;URB.ASSENT.PREC E HABITACOES;motivo_paralisacao;Falta de aporte de contrapartida;Dificuldade técnica do Tomador
2026-06-25;Alterado;dados_origem;0218746;PA;BELÉM/PA;ESTADO DO PARA;URB.ASSENT.PREC E HABITACOES;detalhamento_motivo;Dificuldade para realização de trâmites internos para aporte de contrapartida;Dificuldade na gestão e/ou fiscalização do Contrato de Execução
2026-06-25;Alterado;dados_origem;0218746;PA;BELÉM/PA;ESTADO DO PARA;URB.ASSENT.PREC E HABITACOES;principal_entrave;Falta de aporte de contrapartida para o pagamento de 10 BM's .;O tomador informou que a obra foi retomada, mas que irá apresentar a medição no final da obra
2026-06-25;Alterado;dados_origem;0218746;PA;BELÉM/PA;ESTADO DO PARA;URB.ASSENT.PREC E HABITACOES;plano_acao;Não;Sim
2026-06-25;Alterado;dados_origem;0218746;PA;BELÉM/PA;ESTADO DO PARA;URB.ASSENT.PREC E HABITACOES;previsao_retomada;;2026-04-24
2026-06-25;Alterado;dados_origem;0218772;PI;PARNAÍBA/PI;MUNICIPIO DE PARNAIBA - PI;SANEAMENTO INTEGRADO;dias_sem_bm;1333;1346
2026-06-25;Alterado;dados_origem;0218815;RS;SANTA MARIA/RS;MUNICIPIO DE SANTA MARIA - RS;URB.ASSENT.PREC E HABITACOES;dias_sem_bm;25;38
2026-06-25;Alterado;dados_origem;0218822;SP;CUBATÃO/SP;MUNICIPIO DE CUBATAO - SP;URB.ASSENT.PREC E HABITACOES;dias_sem_bm;24;37
2026-06-25;Alterado;dados_origem;0218824;SP;DIADEMA/SP;MUNICIPIO DE DIADEMA - SP;SANEAMENTO INTEGRADO;dias_sem_bm;3;16
2026-06-25;Alterado;dados_origem;0218827;SP;GUARUJÁ/SP;MUNICIPIO DE GUARUJA - SP;URB.ASSENT.PREC E HABITACOES;pct_fisico;71.18;71.2
2026-06-25;Alterado;dados_origem;0218827;SP;GUARUJÁ/SP;MUNICIPIO DE GUARUJA - SP;URB.ASSENT.PREC E HABITACOES;vlr_desembolsado;66436901.27;66650748.660000004
2026-06-25;Alterado;dados_origem;0218827;SP;GUARUJÁ/SP;MUNICIPIO DE GUARUJA - SP;URB.ASSENT.PREC E HABITACOES;mes_ultimo_desbloqueio;202605;202606
2026-06-25;Alterado;dados_origem;0218827;SP;GUARUJÁ/SP;MUNICIPIO DE GUARUJA - SP;URB.ASSENT.PREC E HABITACOES;dias_sem_bm;38;10
2026-06-25;Alterado;dados_origem;0218841;SP;SANTOS/SP;MUNICIPIO DE SANTOS - SP;URB.ASSENT.PREC E HABITACOES;vlr_desembolsado;16798093.450000003;16832923.180000003
2026-06-25;Alterado;dados_origem;0218841;SP;SANTOS/SP;MUNICIPIO DE SANTOS - SP;URB.ASSENT.PREC E HABITACOES;mes_ultimo_desbloqueio;202604;202606
2026-06-25;Alterado;dados_origem;0218841;SP;SANTOS/SP;MUNICIPIO DE SANTOS - SP;URB.ASSENT.PREC E HABITACOES;dias_sem_bm;23;2
2026-06-25;Alterado;dados_origem;0218846;SP;SÃO VICENTE/SP;MUNICIPIO DE SAO VICENTE - SP;URB.ASSENT.PREC E HABITACOES;dias_sem_bm;59;72
2026-06-25;Alterado;dados_origem;0218855;BA;SALVADOR/BA;ESTADO DA BAHIA;URB.ASSENT.PREC E HABITACOES;pct_fisico;69.03;69.05
2026-06-25;Alterado;dados_origem;0218855;BA;SALVADOR/BA;ESTADO DA BAHIA;URB.ASSENT.PREC E HABITACOES;dias_sem_bm;17;14
2026-06-25;Alterado;dados_origem;0222605;AC;RIO BRANCO/AC;ESTADO DO ACRE;SANEAMENTO INTEGRADO;dias_sem_bm;51;64
2026-06-25;Alterado;dados_origem;0222619;CE;FORTALEZA/CE;MUNICIPIO DE FORTALEZA - CE;URB.ASSENT.PREC E HABITACOES;dias_sem_bm;3;16
2026-06-25;Alterado;dados_origem;0222620;CE;FORTALEZA/CE;MUNICIPIO DE FORTALEZA - CE;URB.ASSENT.PREC E HABITACOES;dias_sem_bm;106;119
2026-06-25;Alterado;dados_origem;0222635;PE;OLINDA/PE;ESTADO DE PERNAMBUCO;SANEAMENTO INTEGRADO;dias_sem_bm;175;188
2026-06-25;Alterado;dados_origem;0222637;PE;CABO DE SANTO AGOSTINHO/PE;ESTADO DE PERNAMBUCO;URB.ASSENT.PREC E HABITACOES;dias_sem_bm;721;734
2026-06-25;Alterado;dados_origem;0222658;RS;PELOTAS/RS;MUNICIPIO DE PELOTAS - RS;URB.ASSENT.PREC E HABITACOES;pct_fisico;84.8;85.31
2026-06-25;Alterado;dados_origem;0222658;RS;PELOTAS/RS;MUNICIPIO DE PELOTAS - RS;URB.ASSENT.PREC E HABITACOES;dias_sem_bm;17;30
2026-06-25;Alterado;dados_origem;0222793;RO;PORTO VELHO/RO;ESTADO DE RONDONIA;IMPLANT. AMPLIA.DE SISTEMAS ABASTEC. AGUA;dias_sem_bm;63;29
2026-06-25;Alterado;dados_origem;0222827;BA;SIMÕES FILHO/BA;ESTADO DA BAHIA;URB.ASSENT.PREC E HABITACOES;dias_sem_bm;10;23
2026-06-25;Alterado;dados_origem;0222913;MA;SÃO LUÍS/MA;ESTADO DO MARANHAO;URB.ASSENT.PREC E HABITACOES;dias_sem_bm;3;16
2026-06-25;Alterado;dados_origem;0222916;PB;CAMPINA GRANDE/PB;MUNICIPIO DE CAMPINA GRANDE - PB;URB.ASSENT.PREC E HABITACOES;dias_sem_bm;44;57
2026-06-25;Alterado;dados_origem;0223539;MG;DIVINÓPOLIS/MG;MUNICIPIO DE DIVINOPOLIS - MG;URB.ASSENT.PREC E HABITACOES;dias_sem_bm;64;77
2026-06-25;Alterado;dados_origem;0223918;PE;PAULISTA/PE;ESTADO DE PERNAMBUCO;SANEAMENTO INTEGRADO;vlr_desembolsado;38886456.02;39447279.49
2026-06-25;Alterado;dados_origem;0223918;PE;PAULISTA/PE;ESTADO DE PERNAMBUCO;SANEAMENTO INTEGRADO;mes_ultimo_desbloqueio;202605;202606
2026-06-25;Alterado;dados_origem;0223918;PE;PAULISTA/PE;ESTADO DE PERNAMBUCO;SANEAMENTO INTEGRADO;dias_sem_bm;35;48
2026-06-25;Alterado;dados_origem;0224984;RN;NATAL/RN;ESTADO DO RIO GRANDE DO NORTE;IMPLANT.E AMPLIA.DE COLETA E TRATAM.ESGOTO;dias_sem_bm;65;78
2026-06-25;Alterado;dados_origem;0226025;GO;GOIÂNIA/GO;ESTADO DE GOIAS;IMPLANT.E AMPLIA.DE COLETA E TRATAM.ESGOTO;situacao_obra;Obra em andamento;Obra Paralisada
2026-06-25;Alterado;dados_origem;0226025;GO;GOIÂNIA/GO;ESTADO DE GOIAS;IMPLANT.E AMPLIA.DE COLETA E TRATAM.ESGOTO;dias_sem_bm;85;224
2026-06-25;Alterado;dados_origem;0227262;PA;ANANINDEUA/PA;ESTADO DO PARA;SANEAMENTO INTEGRADO;situacao_compl;tce em instauração;
2026-06-25;Alterado;dados_origem;0227262;PA;ANANINDEUA/PA;ESTADO DO PARA;SANEAMENTO INTEGRADO;dias_sem_bm;1444;1457
2026-06-25;Alterado;dados_origem;0227262;PA;ANANINDEUA/PA;ESTADO DO PARA;SANEAMENTO INTEGRADO;motivo_paralisacao;;Dificuldade técnica do Tomador
2026-06-25;Alterado;dados_origem;0227262;PA;ANANINDEUA/PA;ESTADO DO PARA;SANEAMENTO INTEGRADO;detalhamento_motivo;;Dificuldade para a realização do processo licitatório
2026-06-25;Alterado;dados_origem;0227262;PA;ANANINDEUA/PA;ESTADO DO PARA;SANEAMENTO INTEGRADO;principal_entrave;;O Tomador não cumpriu os prazos inicialmente acordados para realização do novo processo licitatório. Foi encaminhado novo Plano de Ação.
2026-06-25;Alterado;dados_origem;0227262;PA;ANANINDEUA/PA;ESTADO DO PARA;SANEAMENTO INTEGRADO;plano_acao;;Sim
2026-06-25;Alterado;dados_origem;0227262;PA;ANANINDEUA/PA;ESTADO DO PARA;SANEAMENTO INTEGRADO;previsao_retomada;;2026-12-17
2026-06-25;Alterado;dados_origem;0227526;RS;RIO GRANDE/RS;MUNICIPIO DE RIO GRANDE - RS;URB.ASSENT.PREC E HABITACOES;dias_sem_bm;51;64
2026-06-25;Alterado;dados_origem;0227675;AC;RIO BRANCO/AC;ESTADO DO ACRE;IMPLANT.E AMPLIA.DE COLETA E TRATAM.ESGOTO;dias_sem_bm;1736;1749
2026-06-25;Alterado;dados_origem;0228496;PA;BELÉM/PA;ESTADO DO PARA;SISTEMA DE TRATAMENTO DE ESGOTO;vlr_desembolsado;39461856.72;39585037.46
2026-06-25;Alterado;dados_origem;0228496;PA;BELÉM/PA;ESTADO DO PARA;SISTEMA DE TRATAMENTO DE ESGOTO;mes_ultimo_desbloqueio;202604;202606
2026-06-25;Alterado;dados_origem;0228496;PA;BELÉM/PA;ESTADO DO PARA;SISTEMA DE TRATAMENTO DE ESGOTO;dias_sem_bm;17;30
2026-06-25;Alterado;dados_origem;0228498;PA;BELÉM/PA;MUNICIPIO DE BELEM - PA;MANEJO DE AGUAS PLUVIAIS;dias_sem_bm;638;651
2026-06-25;Alterado;dados_origem;0228551;PA;CASTANHAL/PA;ESTADO DO PARA;SISTEMA DE ABASTECIMENTO DE AGUA;dias_sem_bm;144;157
2026-06-25;Alterado;dados_origem;0228697;BA;SALVADOR/BA;EMPRESA BAIANA DE AGUAS E SANEAMENTO SA;SISTEMA DE TRATAMENTO DE ESGOTO;dias_sem_bm;30;6
2026-06-25;Alterado;dados_origem;0229022;PA;ANANINDEUA/PA;MUNICIPIO DE ANANINDEUA - PA;URBANIZACAO DE ASSENTAMENTOS PRECARIOS;dias_sem_bm;707;720
2026-06-25;Alterado;dados_origem;0229060;PA;ANANINDEUA/PA;MUNICIPIO DE ANANINDEUA - PA;URBANIZACAO DE ASSENTAMENTOS PRECARIOS;dias_sem_bm;822;835
2026-06-25;Alterado;dados_origem;0237794;PA;ORIXIMINÁ/PA;ESTADO DO PARA;IMPLANT. AMPLIA.DE SISTEMAS ABASTEC. AGUA;dias_sem_bm;575;588
2026-06-25;Alterado;dados_origem;0262225;DF;BRASÍLIA/DF;DISTRITO FEDERAL;URBANIZACAO DE ASSENTAMENTOS PRECARIOS;dias_sem_bm;91;104
2026-06-25;Alterado;dados_origem;0264374;PE;RECIFE/PE;ESTADO DE PERNAMBUCO;IMPLANT.E AMPLIA.DE COLETA E TRATAM.ESGOTO;situacao_compl;;tce em instauração
2026-06-25;Alterado;dados_origem;0264374;PE;RECIFE/PE;ESTADO DE PERNAMBUCO;IMPLANT.E AMPLIA.DE COLETA E TRATAM.ESGOTO;dias_sem_bm;1638;
2026-06-25;Alterado;dados_origem;0268490;MG;BELO HORIZONTE/MG;MUNICIPIO DE BELO HORIZONTE - MG;URBANIZACAO DE ASSENTAMENTOS PRECARIOS;dias_sem_bm;57;70
2026-06-25;Alterado;dados_origem;0287955;CE;FORTALEZA/CE;ESTADO DO CEARA;MANEJO DE AGUAS PLUVIAIS;pct_fisico;95.62;95.7
2026-06-25;Alterado;dados_origem;0287955;CE;FORTALEZA/CE;ESTADO DO CEARA;MANEJO DE AGUAS PLUVIAIS;dias_sem_bm;9;22
2026-06-25;Alterado;dados_origem;0292725;ES;VILA VELHA/ES;MUNICIPIO DE VILA VELHA - ES;APOIO SIST DREN URB SUST MANEJ DE AG PLUV;dias_sem_bm;133;146
2026-06-25;Alterado;dados_origem;0292735;PE;OLINDA/PE;MUNICIPIO DE OLINDA - PE;APOIO SIST DREN URB SUST MANEJ DE AG PLUV;dias_sem_bm;67;80
2026-06-25;Alterado;dados_origem;0292752;SC;BRUSQUE/SC;MUNICIPIO DE BRUSQUE - SC;APOIO SIST DREN URB SUST MANEJ DE AG PLUV;dias_sem_bm;43;56
2026-06-25;Alterado;dados_origem;0292891;MG;BELO HORIZONTE/MG;SECRETARIA DE ESTADO DE INFRAESTRUTURA E MOBILIDADE;SANEAMENTO INTEGRADO;dias_sem_bm;18;8
2026-06-25;Alterado;dados_origem;0293552;RJ;RIO DE JANEIRO/RJ;MUNICIPIO DE RIO DE JANEIRO - RJ;MANEJO DE AGUAS PLUVIAIS;dias_sem_bm;49;62
2026-06-25;Alterado;dados_origem;0293580;RS;RIO GRANDE/RS;MUNICIPIO DE RIO GRANDE - RS;MANEJO DE AGUAS PLUVIAIS;dias_sem_bm;226;239
2026-06-25;Alterado;dados_origem;0293831;CE;FORTALEZA/CE;ESTADO DO CEARA;SANEAMENTO INTEGRADO;dias_sem_bm;350;363
2026-06-25;Alterado;dados_origem;0294351;RS;SANTA CRUZ DO SUL/RS;MUNICIPIO DE SANTA CRUZ DO SUL - RS;URBANIZACAO DE ASSENTAMENTOS PRECARIOS;dias_sem_bm;105;118
2026-06-25;Alterado;dados_origem;0294351;RS;SANTA CRUZ DO SUL/RS;MUNICIPIO DE SANTA CRUZ DO SUL - RS;URBANIZACAO DE ASSENTAMENTOS PRECARIOS;principal_entrave;Não há entraves. Aguarda-se a apresentação do resultado de nova licitação do remanescente de obra da meta Centro de Convivência Loteamento Santa Maria I e orçamento reprogramado e nova licitação do remanescente de obra da meta Centro de Convivência Loteamento Mãe de Deus.;Não há entraves. Aguarda-se a apresentação do resultado de nova licitação do remanescente de obra da meta Centro de Convivência Loteamento Santa Maria I e orçamento reprogramado e nova licitação do remanescente de obra da meta Centro de Convivência Loteamento Mãe de Deus. Aguarda apresentação de medição final da meta reg. fundiária.
2026-06-25;Alterado;dados_origem;0296073;PB;JOÃO PESSOA/PB;ESTADO DA PARAIBA;SISTEMA DE ABASTECIMENTO DE AGUA;dias_sem_bm;331;344
2026-06-25;Alterado;dados_origem;0296096;PE;RECIFE/PE;ESTADO DE PERNAMBUCO;SISTEMA DE ABASTECIMENTO DE AGUA;dias_sem_bm;25;38
2026-06-25;Alterado;dados_origem;0296124;BA;/;EMPRESA BAIANA DE AGUAS E SANEAMENTO SA;SISTEMA DE TRATAMENTO DE ESGOTO;dias_sem_bm;86;13
2026-06-25;Alterado;dados_origem;0296163;PE;RECIFE/PE;ESTADO DE PERNAMBUCO;SISTEMA DE ABASTECIMENTO DE AGUA;dias_sem_bm;171;184
2026-06-25;Alterado;dados_origem;0296186;RN;MOSSORÓ/RN;ESTADO DO RIO GRANDE DO NORTE;SISTEMA DE ABASTECIMENTO DE AGUA;dias_sem_bm;49;23
2026-06-25;Alterado;dados_origem;0296203;RS;NOVO HAMBURGO/RS;MUNICIPIO DE NOVO HAMBURGO - RS;SISTEMA DE TRATAMENTO DE ESGOTO;dias_sem_bm;17;30
2026-06-25;Alterado;dados_origem;0296204;RS;NOVO HAMBURGO/RS;MUNICIPIO DE NOVO HAMBURGO - RS;SISTEMA DE ABASTECIMENTO DE AGUA;dias_sem_bm;3;16
2026-06-25;Alterado;dados_origem;0296218;SP;ATIBAIA/SP;MUNICIPIO DE ESTANCIA DE ATIBAIA - SP;SISTEMA DE ABASTECIMENTO DE AGUA;dias_sem_bm;77;90
2026-06-25;Alterado;dados_origem;0296775;RN;MOSSORÓ/RN;ESTADO DO RIO GRANDE DO NORTE;IMPLANT. AMPLIA.DE SISTEMAS ABASTEC. AGUA;pct_fisico;97.01;97.12
2026-06-25;Alterado;dados_origem;0296775;RN;MOSSORÓ/RN;ESTADO DO RIO GRANDE DO NORTE;IMPLANT. AMPLIA.DE SISTEMAS ABASTEC. AGUA;dias_sem_bm;49;9
2026-06-25;Alterado;dados_origem;0301513;BA;SALVADOR/BA;ESTADO DA BAHIA;APOIO MELHORIA COND. DE HABITAB DE ASSENTA;vlr_desembolsado;4805847.810000001;4823356.010000002
2026-06-25;Alterado;dados_origem;0301513;BA;SALVADOR/BA;ESTADO DA BAHIA;APOIO MELHORIA COND. DE HABITAB DE ASSENTA;mes_ultimo_desbloqueio;202501;202606
2026-06-25;Alterado;dados_origem;0301513;BA;SALVADOR/BA;ESTADO DA BAHIA;APOIO MELHORIA COND. DE HABITAB DE ASSENTA;dias_sem_bm;23;7
2026-06-25;Alterado;dados_origem;0301526;MG;CONTAGEM/MG;SECRETARIA DE ESTADO DE INFRAESTRUTURA E MOBILIDADE;APOIO MELHORIA COND. DE HABITAB DE ASSENTA;dias_sem_bm;9;8
2026-06-25;Alterado;dados_origem;0301542;PB;JOÃO PESSOA/PB;MUNICIPIO DE JOAO PESSOA - PB;APOIO MELHORIA COND. DE HABITAB DE ASSENTA;dias_sem_bm;379;392
2026-06-25;Alterado;dados_origem;0301543;PE;CABO DE SANTO AGOSTINHO/PE;MUNICIPIO DE CABO DE SANTO AGOSTINHO - PE;APOIO MELHORIA COND. DE HABITAB DE ASSENTA;dias_sem_bm;249;262
2026-06-25;Alterado;dados_origem;0301584;SP;DIADEMA/SP;MUNICIPIO DE DIADEMA - SP;APOIO MELHORIA COND. DE HABITAB DE ASSENTA;dias_sem_bm;28;41
2026-06-25;Alterado;dados_origem;0301585;SP;DIADEMA/SP;MUNICIPIO DE DIADEMA - SP;APOIO MELHORIA COND. DE HABITAB DE ASSENTA;dias_sem_bm;609;622
2026-06-25;Alterado;dados_origem;0302565;PE;OLINDA/PE;MUNICIPIO DE OLINDA - PE;APOIO MELHORIA COND. DE HABITAB DE ASSENTA;dias_sem_bm;259;272
2026-06-25;Alterado;dados_origem;0319648;MG;CORONEL FABRICIANO/MG;MUNICIPIO DE CORONEL FABRICIANO - MG;URB.ASSENT.PREC E HABITACOES;dias_sem_bm;57;70
2026-06-25;Alterado;dados_origem;0319655;SP;VÁRZEA PAULISTA/SP;MUNICIPIO DE VARZEA PAULISTA - SP;URB.ASSENT.PREC E HABITACOES;dias_sem_bm;22;35
2026-06-25;Alterado;dados_origem;0346605;AC;RIO BRANCO/AC;MUNICIPIO DE RIO BRANCO - AC;URBANIZACAO DE ASSENTAMENTOS PRECARIOS;dias_sem_bm;71;84
2026-06-25;Alterado;dados_origem;0349794;RO;JI-PARANÁ/RO;ESTADO DE RONDONIA;SISTEMA DE ABASTECIMENTO DE AGUA;vlr_desembolsado;25107669.89999999;25197572.34999999
2026-06-25;Alterado;dados_origem;0349794;RO;JI-PARANÁ/RO;ESTADO DE RONDONIA;SISTEMA DE ABASTECIMENTO DE AGUA;mes_ultimo_desbloqueio;202603;202606
2026-06-25;Alterado;dados_origem;0349794;RO;JI-PARANÁ/RO;ESTADO DE RONDONIA;SISTEMA DE ABASTECIMENTO DE AGUA;dias_sem_bm;16;29
2026-06-25;Alterado;dados_origem;0349814;SP;SÃO BERNARDO DO CAMPO/SP;MUNICIPIO DE SAO BERNARDO DO CAMPO - SP;URBANIZACAO DE ASSENTAMENTOS PRECARIOS;dias_sem_bm;74;87
2026-06-25;Alterado;dados_origem;0350186;SC;BIGUAÇU/SC;CIA CATARINENSE AGUAS E SANEAMENTO-CASAN;SISTEMA DE TRATAMENTO DE ESGOTO;dias_sem_bm;3333;3346
2026-06-25;Alterado;dados_origem;0350190;SC;RIO DO SUL/SC;CIA CATARINENSE AGUAS E SANEAMENTO-CASAN;SISTEMA DE TRATAMENTO DE ESGOTO;dias_sem_bm;945;958
2026-06-25;Alterado;dados_origem;0350293;PA;BELÉM/PA;ESTADO DO PARA;SISTEMA DE ABASTECIMENTO DE AGUA;dias_sem_bm;11;24
2026-06-25;Alterado;dados_origem;0350295;PA;CASTANHAL/PA;ESTADO DO PARA;SISTEMA DE ABASTECIMENTO DE AGUA;dias_sem_bm;144;157
2026-06-25;Alterado;dados_origem;0350307;PA;ALENQUER/PA;ESTADO DO PARA;SISTEMA DE ABASTECIMENTO DE AGUA;pct_fisico;40.04;40.17
2026-06-25;Alterado;dados_origem;0350307;PA;ALENQUER/PA;ESTADO DO PARA;SISTEMA DE ABASTECIMENTO DE AGUA;dias_sem_bm;212;225
2026-06-25;Alterado;dados_origem;0350754;MG;UBERABA/MG;MUNICIPIO DE UBERABA - MG;IMPLANT. AMPLIA.DE SISTEMAS ABASTEC. AGUA;dias_sem_bm;39;52
2026-06-25;Alterado;dados_origem;0350771;BA;SALVADOR/BA;ESTADO DA BAHIA;IMPLANT. AMPLIA.DE SISTEMAS ABASTEC. AGUA;dias_sem_bm;94;107
2026-06-25;Alterado;dados_origem;0350779;SP;MOGI GUAÇU/SP;MUNICIPIO DE MOGI GUACU - SP;IMPLANT. AMPLIA.DE SISTEMAS ABASTEC. AGUA;dias_sem_bm;722;735
2026-06-25;Alterado;dados_origem;0350786;PA;BREVES/PA;ESTADO DO PARA;IMPLANT. AMPLIA.DE SISTEMAS ABASTEC. AGUA;dias_sem_bm;137;150
2026-06-25;Alterado;dados_origem;0350788;GO;GOIÂNIA/GO;ESTADO DE GOIAS;IMPLANT. AMPLIA.DE SISTEMAS ABASTEC. AGUA;dias_sem_bm;56;69
2026-06-25;Alterado;dados_origem;0350804;PA;SANTARÉM/PA;ESTADO DO PARA;IMPLANT. AMPLIA.DE SISTEMAS ABASTEC. AGUA;dias_sem_bm;1236;1249
2026-06-25;Alterado;dados_origem;0350807;MT;RONDONÓPOLIS/MT;MUNICIPIO DE RONDONOPOLIS - MT;IMPLANT. AMPLIA.DE SISTEMAS ABASTEC. AGUA;vlr_desembolsado;46132733.72999999;45839210.42999999
2026-06-25;Alterado;dados_origem;0350808;PB;JOÃO PESSOA/PB;ESTADO DA PARAIBA;IMPLANT. AMPLIA.DE SISTEMAS ABASTEC. AGUA;dias_sem_bm;1542;1555
2026-06-25;Alterado;dados_origem;0350820;PA;ANANINDEUA/PA;ESTADO DO PARA;IMPLANT. AMPLIA.DE SISTEMAS ABASTEC. AGUA;dias_sem_bm;945;958
2026-06-25;Alterado;dados_origem;0350823;RO;PORTO VELHO/RO;ESTADO DE RONDONIA;IMPLANT. AMPLIA.DE SISTEMAS ABASTEC. AGUA;dias_sem_bm;57;70
2026-06-25;Alterado;dados_origem;0350830;RN;CEARÁ-MIRIM/RN;MUNICIPIO DE CEARA MIRIM - RN;IMPLANT. AMPLIA.DE SISTEMAS ABASTEC. AGUA;dias_sem_bm;385;398
2026-06-25;Alterado;dados_origem;0350856;ES;COLATINA/ES;MUNICIPIO DE COLATINA - ES;IMPLANT.E AMPLIA.DE COLETA E TRATAM.ESGOTO;dias_sem_bm;49;62
2026-06-25;Alterado;dados_origem;0350863;PE;OLINDA/PE;ESTADO DE PERNAMBUCO;IMPLANT.E AMPLIA.DE COLETA E TRATAM.ESGOTO;dias_sem_bm;753;766
2026-06-25;Alterado;dados_origem;0350880;PB;JOÃO PESSOA/PB;ESTADO DA PARAIBA;IMPLANT.E AMPLIA.DE COLETA E TRATAM.ESGOTO;dias_sem_bm;1036;1049
2026-06-25;Alterado;dados_origem;0350922;MG;FORMIGA/MG;MUNICIPIO DE FORMIGA - MG;IMPLANT.E AMPLIA.DE COLETA E TRATAM.ESGOTO;dias_sem_bm;18;31
2026-06-25;Alterado;dados_origem;0350924;MG;JOÃO MONLEVADE/MG;MUNICIPIO DE JOAO MONLEVADE - MG;IMPLANT.E AMPLIA.DE COLETA E TRATAM.ESGOTO;dias_sem_bm;2;15
2026-06-25;Alterado;dados_origem;0350927;RS;SANTANA DO LIVRAMENTO/RS;MUNICIPIO DE SANTANA DO LIVRAMENTO - RS;IMPLANT.E AMPLIA.DE COLETA E TRATAM.ESGOTO;dias_sem_bm;71;84
2026-06-25;Alterado;dados_origem;0350929;MG;VIÇOSA/MG;MUNICIPIO DE VICOSA - MG;IMPLANT.E AMPLIA.DE COLETA E TRATAM.ESGOTO;dias_sem_bm;63;76
2026-06-25;Alterado;dados_origem;0350940;RO;JARU/RO;ESTADO DE RONDONIA;IMPLANT.E AMPLIA.DE COLETA E TRATAM.ESGOTO;situacao_compl;pcf em andamento;
2026-06-25;Alterado;dados_origem;0350944;MG;LEOPOLDINA/MG;MUNICIPIO DE LEOPOLDINA - MG;IMPLANT.E AMPLIA.DE COLETA E TRATAM.ESGOTO;vlr_desembolsado;10960092.82;10960092.820000002
2026-06-25;Alterado;dados_origem;0350944;MG;LEOPOLDINA/MG;MUNICIPIO DE LEOPOLDINA - MG;IMPLANT.E AMPLIA.DE COLETA E TRATAM.ESGOTO;dias_sem_bm;23;9
2026-06-25;Alterado;dados_origem;0350949;CE;TAUÁ/CE;ESTADO DO CEARA;IMPLANT.E AMPLIA.DE COLETA E TRATAM.ESGOTO;dias_sem_bm;44;57
2026-06-25;Alterado;dados_origem;0350951;RN;CAICÓ/RN;ESTADO DO RIO GRANDE DO NORTE;IMPLANT.E AMPLIA.DE COLETA E TRATAM.ESGOTO;situacao_obra;Obra em andamento;Obra Paralisada
2026-06-25;Alterado;dados_origem;0350951;RN;CAICÓ/RN;ESTADO DO RIO GRANDE DO NORTE;IMPLANT.E AMPLIA.DE COLETA E TRATAM.ESGOTO;dias_sem_bm;86;99
2026-06-25;Alterado;dados_origem;0350961;AC;RIO BRANCO/AC;ESTADO DO ACRE;SANEAMENTO INTEGRADO;dias_sem_bm;168;181
2026-06-25;Alterado;dados_origem;0350964;RN;MOSSORÓ/RN;MUNICIPIO DE MOSSORO - RN;SANEAMENTO INTEGRADO;vlr_desembolsado;34243289.99999999;34262649.39999999
2026-06-25;Alterado;dados_origem;0350964;RN;MOSSORÓ/RN;MUNICIPIO DE MOSSORO - RN;SANEAMENTO INTEGRADO;mes_ultimo_desbloqueio;202605;202606
2026-06-25;Alterado;dados_origem;0350964;RN;MOSSORÓ/RN;MUNICIPIO DE MOSSORO - RN;SANEAMENTO INTEGRADO;dias_sem_bm;9;22
2026-06-25;Alterado;dados_origem;0350965;BA;LAURO DE FREITAS/BA;MUNICIPIO DE LAURO DE FREITAS - BA;SANEAMENTO INTEGRADO;dias_sem_bm;95;108
2026-06-25;Alterado;dados_origem;0350967;SC;LAGES/SC;MUNICIPIO DE LAGES - SC;SANEAMENTO INTEGRADO;dias_sem_bm;29;42
2026-06-25;Alterado;dados_origem;0350968;SC;ITAJAÍ/SC;MUNICIPIO DE ITAJAI - SC;SANEAMENTO INTEGRADO;situacao_obra;Obra em andamento;Obra Paralisada
2026-06-25;Alterado;dados_origem;0350968;SC;ITAJAÍ/SC;MUNICIPIO DE ITAJAI - SC;SANEAMENTO INTEGRADO;pct_fisico;33.37;34.52
2026-06-25;Alterado;dados_origem;0350968;SC;ITAJAÍ/SC;MUNICIPIO DE ITAJAI - SC;SANEAMENTO INTEGRADO;dias_sem_bm;9;22
2026-06-25;Alterado;dados_origem;0350977;BA;CAMAÇARI/BA;MUNICIPIO DE CAMACARI - BA;SANEAMENTO INTEGRADO;dias_sem_bm;3;16
2026-06-25;Alterado;dados_origem;0350988;PE;OLINDA/PE;MUNICIPIO DE OLINDA - PE;SANEAMENTO INTEGRADO;dias_sem_bm;532;545
2026-06-25;Alterado;dados_origem;0350988;PE;OLINDA/PE;MUNICIPIO DE OLINDA - PE;SANEAMENTO INTEGRADO;motivo_paralisacao;Dificuldade técnica da empresa executora;Dificuldade técnica do Tomador
2026-06-25;Alterado;dados_origem;0350988;PE;OLINDA/PE;MUNICIPIO DE OLINDA - PE;SANEAMENTO INTEGRADO;detalhamento_motivo;Baixo ritmo de execução dos serviços;Dificuldade para atender requisitos documentais para reprogramação
2026-06-25;Alterado;dados_origem;0350988;PE;OLINDA/PE;MUNICIPIO DE OLINDA - PE;SANEAMENTO INTEGRADO;principal_entrave;Prefeitura sanar as pendências de reprogramação. Estão sendo realizadas reuniões de monitoramento e ponto de controle para retomada das obras.;Necessária a apresentação de reprogramação e realização de novo processo licitatório. Prefeitura informou que irá apresentar documentos de reprogramaçaõ até 30/06/2026
2026-06-25;Alterado;dados_origem;0350992;MG;BELO HORIZONTE/MG;MUNICIPIO DE BELO HORIZONTE - MG;APOIO SIST DREN URB SUST MANEJ DE AG PLUV;dias_sem_bm;25;38
2026-06-25;Alterado;dados_origem;0351004;PI;TERESINA/PI;MUNICIPIO DE TERESINA - PI;APOIO SIST DREN URB SUST MANEJ DE AG PLUV;pct_fisico;14.87;15.43
2026-06-25;Alterado;dados_origem;0351004;PI;TERESINA/PI;MUNICIPIO DE TERESINA - PI;APOIO SIST DREN URB SUST MANEJ DE AG PLUV;vlr_desembolsado;16968344.74;17520150.459999997
2026-06-25;Alterado;dados_origem;0351004;PI;TERESINA/PI;MUNICIPIO DE TERESINA - PI;APOIO SIST DREN URB SUST MANEJ DE AG PLUV;mes_ultimo_desbloqueio;202604;202606
2026-06-25;Alterado;dados_origem;0351004;PI;TERESINA/PI;MUNICIPIO DE TERESINA - PI;APOIO SIST DREN URB SUST MANEJ DE AG PLUV;dias_sem_bm;17;30
2026-06-25;Alterado;dados_origem;0351005;RN;NATAL/RN;MUNICIPIO DE NATAL - RN;APOIO SIST DREN URB SUST MANEJ DE AG PLUV;dias_sem_bm;22;35
2026-06-25;Alterado;dados_origem;0351020;SP;SANTOS/SP;MUNICIPIO DE SANTOS - SP;APOIO SIST DREN URB SUST MANEJ DE AG PLUV;dias_sem_bm;7;20
2026-06-25;Alterado;dados_origem;0351026;SC;JOINVILLE/SC;MUNICIPIO DE JOINVILLE - SC;APOIO SIST DREN URB SUST MANEJ DE AG PLUV;dias_sem_bm;2216;2229
2026-06-25;Alterado;dados_origem;0351030;PR;CURITIBA/PR;MUNICIPIO DE CURITIBA - PR;APOIO SIST DREN URB SUST MANEJ DE AG PLUV;dias_sem_bm;30;43
2026-06-25;Alterado;dados_origem;0351032;MS;CAMPO GRANDE/MS;MUNICIPIO DE CAMPO GRANDE - MS;APOIO SIST DREN URB SUST MANEJ DE AG PLUV;dias_sem_bm;21;34
2026-06-25;Alterado;dados_origem;0351049;RJ;RIO DE JANEIRO/RJ;MUNICIPIO DE RIO DE JANEIRO - RJ;APOIO SIST DREN URB SUST MANEJ DE AG PLUV;dias_sem_bm;77;90
2026-06-25;Alterado;dados_origem;0351053;PR;SÃO JOSÉ DOS PINHAIS/PR;MUNICIPIO DE SAO JOSE DOS PINHAIS - PR;APOIO SIST DREN URB SUST MANEJ DE AG PLUV;situacao_obra;Obra em andamento;Obra Paralisada
2026-06-25;Alterado;dados_origem;0351053;PR;SÃO JOSÉ DOS PINHAIS/PR;MUNICIPIO DE SAO JOSE DOS PINHAIS - PR;APOIO SIST DREN URB SUST MANEJ DE AG PLUV;dias_sem_bm;86;99
2026-06-25;Alterado;dados_origem;0351059;MG;MURIAÉ/MG;MUNICIPIO DE MURIAE - MG;APOIO SIST DREN URB SUST MANEJ DE AG PLUV;dias_sem_bm;43;7
2026-06-25;Alterado;dados_origem;0351537;SP;SÃO PAULO/SP;MUNICIPIO DE SAO PAULO - SP;APOIO A PREVENC/ERRADIC RISCOS ASSENT PREC;dias_sem_bm;-81;-68
2026-06-25;Alterado;dados_origem;0351561;MG;BELO HORIZONTE/MG;MUNICIPIO DE BELO HORIZONTE - MG;APOIO A PREVENC/ERRADIC RISCOS ASSENT PREC;dias_sem_bm;72;85
2026-06-25;Alterado;dados_origem;0351738;GO;APARECIDA DE GOIÂNIA/GO;ESTADO DE GOIAS;IMPLANT. AMPLIA.DE SISTEMAS ABASTEC. AGUA;dias_sem_bm;65;78
2026-06-25;Alterado;dados_origem;0352643;MG;RIBEIRÃO DAS NEVES/MG;MUNICIPIO DE RIBEIRAO DAS NEVES - MG;URB.ASSENT.PREC E HABITACOES;pct_fisico;71.05;71.58
2026-06-25;Alterado;dados_origem;0352643;MG;RIBEIRÃO DAS NEVES/MG;MUNICIPIO DE RIBEIRAO DAS NEVES - MG;URB.ASSENT.PREC E HABITACOES;vlr_desembolsado;77995956.19999999;78596439.71999998
2026-06-25;Alterado;dados_origem;0352643;MG;RIBEIRÃO DAS NEVES/MG;MUNICIPIO DE RIBEIRAO DAS NEVES - MG;URB.ASSENT.PREC E HABITACOES;mes_ultimo_desbloqueio;202605;202606
2026-06-25;Alterado;dados_origem;0352643;MG;RIBEIRÃO DAS NEVES/MG;MUNICIPIO DE RIBEIRAO DAS NEVES - MG;URB.ASSENT.PREC E HABITACOES;dias_sem_bm;4;17
2026-06-25;Alterado;dados_origem;0352660;PE;CABO DE SANTO AGOSTINHO/PE;MUNICIPIO DE CABO DE SANTO AGOSTINHO - PE;URB.ASSENT.PREC E HABITACOES;dias_sem_bm;731;744
2026-06-25;Alterado;dados_origem;0352667;RS;SÃO LEOPOLDO/RS;MUNICIPIO DE SAO LEOPOLDO - RS;URB.ASSENT.PREC E HABITACOES;dias_sem_bm;66;79
2026-06-25;Alterado;dados_origem;0352684;BA;JUAZEIRO/BA;MUNICIPIO DE JUAZEIRO - BA;URB.ASSENT.PREC E HABITACOES;dias_sem_bm;400;413
2026-06-25;Alterado;dados_origem;0352694;BA;ITABUNA/BA;MUNICIPIO DE ITABUNA - BA;URB.ASSENT.PREC E HABITACOES;vlr_desembolsado;26209024.799999997;26339415.409999996
2026-06-25;Alterado;dados_origem;0352694;BA;ITABUNA/BA;MUNICIPIO DE ITABUNA - BA;URB.ASSENT.PREC E HABITACOES;mes_ultimo_desbloqueio;202603;202606
2026-06-25;Alterado;dados_origem;0352694;BA;ITABUNA/BA;MUNICIPIO DE ITABUNA - BA;URB.ASSENT.PREC E HABITACOES;dias_sem_bm;2;13
2026-06-25;Alterado;dados_origem;0352695;CE;FORTALEZA/CE;MUNICIPIO DE FORTALEZA - CE;URB.ASSENT.PREC E HABITACOES;dias_sem_bm;35;48
2026-06-25;Alterado;dados_origem;0352708;MG;BELO HORIZONTE/MG;MUNICIPIO DE BELO HORIZONTE - MG;URB.ASSENT.PREC E HABITACOES;dias_sem_bm;38;51
2026-06-25;Alterado;dados_origem;0352716;MA;IMPERATRIZ/MA;MUNICIPIO DE IMPERATRIZ - MA;URB.ASSENT.PREC E HABITACOES;situacao_obra;Obra em andamento;Obra Paralisada
2026-06-25;Alterado;dados_origem;0352716;MA;IMPERATRIZ/MA;MUNICIPIO DE IMPERATRIZ - MA;URB.ASSENT.PREC E HABITACOES;dias_sem_bm;79;92
2026-06-25;Alterado;dados_origem;0352723;MT;CUIABÁ/MT;MUNICIPIO DE CUIABA - MT;URB.ASSENT.PREC E HABITACOES;pct_fisico;92.63;92.64
2026-06-25;Alterado;dados_origem;0352723;MT;CUIABÁ/MT;MUNICIPIO DE CUIABA - MT;URB.ASSENT.PREC E HABITACOES;vlr_desembolsado;30780530.80000001;30798849.160000008
2026-06-25;Alterado;dados_origem;0352723;MT;CUIABÁ/MT;MUNICIPIO DE CUIABA - MT;URB.ASSENT.PREC E HABITACOES;mes_ultimo_desbloqueio;202604;202606
2026-06-25;Alterado;dados_origem;0352723;MT;CUIABÁ/MT;MUNICIPIO DE CUIABA - MT;URB.ASSENT.PREC E HABITACOES;dias_sem_bm;98;111
2026-06-25;Alterado;dados_origem;0352737;PE;RECIFE/PE;MUNICIPIO DE RECIFE - PE;URB.ASSENT.PREC E HABITACOES;situacao_obra;Obra Paralisada;Obra em andamento
2026-06-25;Alterado;dados_origem;0352737;PE;RECIFE/PE;MUNICIPIO DE RECIFE - PE;URB.ASSENT.PREC E HABITACOES;dias_sem_bm;92;7
2026-06-25;Alterado;dados_origem;0352743;RS;ESTEIO/RS;MUNICIPIO DE ESTEIO - RS;URB.ASSENT.PREC E HABITACOES;dias_sem_bm;65;78
2026-06-25;Alterado;dados_origem;0352746;BA;SALVADOR/BA;ESTADO DA BAHIA;URB.ASSENT.PREC E HABITACOES;pct_fisico;61.87;65.57
2026-06-25;Alterado;dados_origem;0352746;BA;SALVADOR/BA;ESTADO DA BAHIA;URB.ASSENT.PREC E HABITACOES;vlr_desembolsado;29848916.530000016;30694928.59000002
2026-06-25;Alterado;dados_origem;0352746;BA;SALVADOR/BA;ESTADO DA BAHIA;URB.ASSENT.PREC E HABITACOES;dias_sem_bm;3;16
2026-06-25;Alterado;dados_origem;0352766;PB;JOÃO PESSOA/PB;MUNICIPIO DE JOAO PESSOA - PB;URB.ASSENT.PREC E HABITACOES;dias_sem_bm;24;37
2026-06-25;Alterado;dados_origem;0352768;BA;MATA DE SÃO JOÃO/BA;MUNICIPIO DE MATA DE SAO JOAO - BA;URB.ASSENT.PREC E HABITACOES;situacao_obra;Obra em andamento;Obra Paralisada
2026-06-25;Alterado;dados_origem;0352768;BA;MATA DE SÃO JOÃO/BA;MUNICIPIO DE MATA DE SAO JOAO - BA;URB.ASSENT.PREC E HABITACOES;situacao_compl;tce em instauração;
2026-06-25;Alterado;dados_origem;0352768;BA;MATA DE SÃO JOÃO/BA;MUNICIPIO DE MATA DE SAO JOAO - BA;URB.ASSENT.PREC E HABITACOES;dias_sem_bm;;169
2026-06-25;Alterado;dados_origem;0352768;BA;MATA DE SÃO JOÃO/BA;MUNICIPIO DE MATA DE SAO JOAO - BA;URB.ASSENT.PREC E HABITACOES;motivo_paralisacao;;Dificuldade técnica do Tomador
2026-06-25;Alterado;dados_origem;0352768;BA;MATA DE SÃO JOÃO/BA;MUNICIPIO DE MATA DE SAO JOAO - BA;URB.ASSENT.PREC E HABITACOES;detalhamento_motivo;;Dificuldade para atender requisitos documentais para reprogramação
2026-06-25;Alterado;dados_origem;0352768;BA;MATA DE SÃO JOÃO/BA;MUNICIPIO DE MATA DE SAO JOAO - BA;URB.ASSENT.PREC E HABITACOES;principal_entrave;;Houve distrato com empresa executora e a Prefeitura encaminhou solicitação de reprogramação visando realizar nova licitação.
2026-06-25;Alterado;dados_origem;0352768;BA;MATA DE SÃO JOÃO/BA;MUNICIPIO DE MATA DE SAO JOAO - BA;URB.ASSENT.PREC E HABITACOES;plano_acao;;Não
2026-06-25;Alterado;dados_origem;0352778;PB;CAMPINA GRANDE/PB;MUNICIPIO DE CAMPINA GRANDE - PB;URB.ASSENT.PREC E HABITACOES;dias_sem_bm;361;374
2026-06-25;Alterado;dados_origem;0352778;PB;CAMPINA GRANDE/PB;MUNICIPIO DE CAMPINA GRANDE - PB;URB.ASSENT.PREC E HABITACOES;principal_entrave;Ajustes no projeto concebidos para otimizar o objeto em execução, com vistas à conclusão do contrato. A proposta de reprogramação encontra-se em análise pela engenharia e deverá resultar em um parecer de acatamento da solução proposta.;Ajustes no projeto concebidos para otimizar o objeto em execução, com vistas à conclusão do contrato. A reprogramação foi aprovada e a ordem de retomada da execução foi emitida. Aguarda-se a emissão de solicitação de desbloqueio.
2026-06-25;Alterado;dados_origem;0352786;PE;OLINDA/PE;MUNICIPIO DE OLINDA - PE;URB.ASSENT.PREC E HABITACOES;dias_sem_bm;17;10
2026-06-25;Alterado;dados_origem;0352792;SP;SÃO BERNARDO DO CAMPO/SP;MUNICIPIO DE SAO BERNARDO DO CAMPO - SP;URB.ASSENT.PREC E HABITACOES;vlr_desembolsado;62177804.94999999;62975313.359999985
2026-06-25;Alterado;dados_origem;0352792;SP;SÃO BERNARDO DO CAMPO/SP;MUNICIPIO DE SAO BERNARDO DO CAMPO - SP;URB.ASSENT.PREC E HABITACOES;mes_ultimo_desbloqueio;202604;202606
2026-06-25;Alterado;dados_origem;0352792;SP;SÃO BERNARDO DO CAMPO/SP;MUNICIPIO DE SAO BERNARDO DO CAMPO - SP;URB.ASSENT.PREC E HABITACOES;dias_sem_bm;77;90
2026-06-25;Alterado;dados_origem;0353053;SP;GUARULHOS/SP;MUNICIPIO DE GUARULHOS - SP;URB.ASSENT.PREC E HABITACOES;pct_fisico;58.64;61.72
2026-06-25;Alterado;dados_origem;0353053;SP;GUARULHOS/SP;MUNICIPIO DE GUARULHOS - SP;URB.ASSENT.PREC E HABITACOES;vlr_desembolsado;36641807.650000006;36641807.7
2026-06-25;Alterado;dados_origem;0353053;SP;GUARULHOS/SP;MUNICIPIO DE GUARULHOS - SP;URB.ASSENT.PREC E HABITACOES;mes_ultimo_desbloqueio;202605;202606
2026-06-25;Alterado;dados_origem;0353053;SP;GUARULHOS/SP;MUNICIPIO DE GUARULHOS - SP;URB.ASSENT.PREC E HABITACOES;dias_sem_bm;3;16
2026-06-25;Alterado;dados_origem;0353054;SP;OSASCO/SP;MUNICIPIO DE OSASCO - SP;URB.ASSENT.PREC E HABITACOES;dias_sem_bm;23;7
2026-06-25;Alterado;dados_origem;0353055;SP;CAMPINAS/SP;MUNICIPIO DE CAMPINAS - SP;URB.ASSENT.PREC E HABITACOES;dias_sem_bm;25;38
2026-06-25;Alterado;dados_origem;0353627;SP;SALTO/SP;CONSORCIO INTERMUNICIPAL DO RIBEIRAO PIRAI;IMPLANT. AMPLIA.DE SISTEMAS ABASTEC. AGUA;dias_sem_bm;10;23
2026-06-25;Alterado;dados_origem;0363348;MG;ITABIRA/MG;MUNICIPIO DE ITABIRA - MG;IMPLANTACAO PRACA DOS ESPORTES E CULTURA;dias_sem_bm;10;23
2026-06-25;Alterado;dados_origem;0363727;RS;BAGÉ/RS;MUNICIPIO DE BAGE - RS;IMPLANTACAO PRACA DOS ESPORTES E CULTURA;dias_sem_bm;1047;1060
2026-06-25;Alterado;dados_origem;0367936;RJ;TERESÓPOLIS/RJ;ESTADO DO RIO DE JANEIRO;APOIO A PREVENC/ERRADIC RISCOS ASSENT PREC;dias_sem_bm;9;22
2026-06-25;Alterado;dados_origem;0367938;RJ;NOVA FRIBURGO/RJ;ESTADO DO RIO DE JANEIRO;APOIO SIST DREN URB SUST MANEJ DE AG PLUV;dias_sem_bm;27;40
2026-06-25;Alterado;dados_origem;0367940;RJ;NOVA FRIBURGO/RJ;ESTADO DO RIO DE JANEIRO;APOIO SIST DREN URB SUST MANEJ DE AG PLUV;dias_sem_bm;72;85
2026-06-25;Alterado;dados_origem;0367941;RJ;PETRÓPOLIS/RJ;ESTADO DO RIO DE JANEIRO;APOIO SIST DREN URB SUST MANEJ DE AG PLUV;dias_sem_bm;42;55
2026-06-25;Alterado;dados_origem;0367942;RJ;TERESÓPOLIS/RJ;ESTADO DO RIO DE JANEIRO;APOIO SIST DREN URB SUST MANEJ DE AG PLUV;dias_sem_bm;60;73
2026-06-25;Alterado;dados_origem;0377282;PB;AREIA/PB;ESTADO DA PARAIBA;SISTEMA DE TRATAMENTO DE ESGOTO;dias_sem_bm;667;680
2026-06-25;Alterado;dados_origem;0394625;DF;BRASÍLIA/DF;DISTRITO FEDERAL;TRANSPORTES;dias_sem_bm;4011;4024
2026-06-25;Alterado;dados_origem;0394629;DF;BRASÍLIA/DF;DISTRITO FEDERAL;TRANSPORTES;dias_sem_bm;91;104
2026-06-25;Alterado;dados_origem;0394940;BA;VITÓRIA DA CONQUISTA/BA;ESTADO DA BAHIA;APOIO IMPLANT/MELHORIA SIST ABAST AGUA;dias_sem_bm;24;2
2026-06-25;Alterado;dados_origem;0394941;BA;VITÓRIA DA CONQUISTA/BA;ESTADO DA BAHIA;APOIO IMPLANT/MELHORIA SIST ABAST AGUA;dias_sem_bm;30;43
2026-06-25;Alterado;dados_origem;0396116;MG;BELO HORIZONTE/MG;MUNICIPIO DE BELO HORIZONTE - MG;AP PLAN EXEC OBRAS CONT ENCOSTAS AREAS URB;dias_sem_bm;68;81
2026-06-25;Alterado;dados_origem;0396117;RJ;PETRÓPOLIS/RJ;ESTADO DO RIO DE JANEIRO;AP PLAN EXEC OBRAS CONT ENCOSTAS AREAS URB;dias_sem_bm;65;78
2026-06-25;Alterado;dados_origem;0396118;RJ;NOVA FRIBURGO/RJ;ESTADO DO RIO DE JANEIRO;AP PLAN EXEC OBRAS CONT ENCOSTAS AREAS URB;dias_sem_bm;72;85
2026-06-25;Alterado;dados_origem;0396120;RJ;TERESÓPOLIS/RJ;ESTADO DO RIO DE JANEIRO;AP PLAN EXEC OBRAS CONT ENCOSTAS AREAS URB;dias_sem_bm;37;50
2026-06-25;Alterado;dados_origem;0396125;MG;CONTAGEM/MG;MUNICIPIO DE CONTAGEM - MG;TRANSPORTES;situacao_obra;Obra Paralisada;Obra em andamento
2026-06-25;Alterado;dados_origem;0396125;MG;CONTAGEM/MG;MUNICIPIO DE CONTAGEM - MG;TRANSPORTES;dias_sem_bm;105;2
2026-06-25;Alterado;dados_origem;0396125;MG;CONTAGEM/MG;MUNICIPIO DE CONTAGEM - MG;TRANSPORTES;motivo_paralisacao;Dificuldade técnica da empresa executora;
2026-06-25;Alterado;dados_origem;0396125;MG;CONTAGEM/MG;MUNICIPIO DE CONTAGEM - MG;TRANSPORTES;detalhamento_motivo;Falta de qualificação da equipe técnica;
2026-06-25;Alterado;dados_origem;0396125;MG;CONTAGEM/MG;MUNICIPIO DE CONTAGEM - MG;TRANSPORTES;principal_entrave;Há necessidade de retrabalho dos serviços não acatados pela má qualidade dos mesmos;
2026-06-25;Alterado;dados_origem;0396125;MG;CONTAGEM/MG;MUNICIPIO DE CONTAGEM - MG;TRANSPORTES;plano_acao;Não;
2026-06-25;Alterado;dados_origem;0396246;SP;GUARULHOS/SP;MUNICIPIO DE GUARULHOS - SP;TRANSPORTES;dias_sem_bm;106;119
2026-06-25;Alterado;dados_origem;0397641;PE;RECIFE/PE;MUNICIPIO DE RECIFE - PE;TRANSPORTES;dias_sem_bm;9;22
2026-06-25;Alterado;dados_origem;0397761;MG;BELO HORIZONTE/MG;MUNICIPIO DE BELO HORIZONTE - MG;MANEJO DE AGUAS PLUVIAIS;dias_sem_bm;38;6
2026-06-25;Alterado;dados_origem;0398475;PE;RECIFE/PE;ESTADO DE PERNAMBUCO;APOIO PROJETOS SIST TRANSP COLET URBANO;dias_sem_bm;49;62
2026-06-25;Alterado;dados_origem;0398478;MG;BETIM/MG;MUNICIPIO DE BETIM - MG;AP PLAN EXEC OBRAS CONT ENCOSTAS AREAS URB;dias_sem_bm;197;210
2026-06-25;Alterado;dados_origem;0398479;MG;CONTAGEM/MG;MUNICIPIO DE CONTAGEM - MG;AP PLAN EXEC OBRAS CONT ENCOSTAS AREAS URB;dias_sem_bm;1135;1148
2026-06-25;Alterado;dados_origem;0398480;MG;GOVERNADOR VALADARES/MG;MUNICIPIO DE GOVERNADOR VALADARES - MG;AP PLAN EXEC OBRAS CONT ENCOSTAS AREAS URB;dias_sem_bm;41;54
2026-06-25;Alterado;dados_origem;0398481;MG;JUIZ DE FORA/MG;MUNICIPIO DE JUIZ DE FORA - MG;AP PLAN EXEC OBRAS CONT ENCOSTAS AREAS URB;dias_sem_bm;1352;1365
2026-06-25;Alterado;dados_origem;0398482;MG;MANHUMIRIM/MG;ESTADO DE MINAS GERAIS - MG (EX - CNPJ SEFAZ);AP PLAN EXEC OBRAS CONT ENCOSTAS AREAS URB;dias_sem_bm;1494;1507
2026-06-25;Alterado;dados_origem;0398483;MG;MATIAS BARBOSA/MG;ESTADO DE MINAS GERAIS - MG (EX - CNPJ SEFAZ);AP PLAN EXEC OBRAS CONT ENCOSTAS AREAS URB;dias_sem_bm;1474;1487
2026-06-25;Alterado;dados_origem;0398484;MG;OURO PRETO/MG;ESTADO DE MINAS GERAIS - MG (EX - CNPJ SEFAZ);AP PLAN EXEC OBRAS CONT ENCOSTAS AREAS URB;dias_sem_bm;941;954
2026-06-25;Alterado;dados_origem;0398486;MG;CATAGUASES/MG;ESTADO DE MINAS GERAIS - MG (EX - CNPJ SEFAZ);AP PLAN EXEC OBRAS CONT ENCOSTAS AREAS URB;dias_sem_bm;1557;1570
2026-06-25;Alterado;dados_origem;0398487;MG;MURIAÉ/MG;ESTADO DE MINAS GERAIS - MG (EX - CNPJ SEFAZ);AP PLAN EXEC OBRAS CONT ENCOSTAS AREAS URB;dias_sem_bm;29;13
2026-06-25;Alterado;dados_origem;0398488;MG;TIMÓTEO/MG;ESTADO DE MINAS GERAIS - MG (EX - CNPJ SEFAZ);AP PLAN EXEC OBRAS CONT ENCOSTAS AREAS URB;dias_sem_bm;3336;3349
2026-06-25;Alterado;dados_origem;0398489;MG;NOVA LIMA/MG;ESTADO DE MINAS GERAIS - MG (EX - CNPJ SEFAZ);AP PLAN EXEC OBRAS CONT ENCOSTAS AREAS URB;dias_sem_bm;1625;1638
2026-06-25;Alterado;dados_origem;0398490;MG;ALÉM PARAÍBA/MG;ESTADO DE MINAS GERAIS - MG (EX - CNPJ SEFAZ);AP PLAN EXEC OBRAS CONT ENCOSTAS AREAS URB;dias_sem_bm;29;13
2026-06-25;Alterado;dados_origem;0398491;MG;JOÃO MONLEVADE/MG;ESTADO DE MINAS GERAIS - MG (EX - CNPJ SEFAZ);AP PLAN EXEC OBRAS CONT ENCOSTAS AREAS URB;dias_sem_bm;1276;1289
2026-06-25;Alterado;dados_origem;0398492;MG;SANTA LUZIA/MG;ESTADO DE MINAS GERAIS - MG (EX - CNPJ SEFAZ);AP PLAN EXEC OBRAS CONT ENCOSTAS AREAS URB;dias_sem_bm;1803;1816
2026-06-25;Alterado;dados_origem;0398493;MG;SABARÁ/MG;ESTADO DE MINAS GERAIS - MG (EX - CNPJ SEFAZ);AP PLAN EXEC OBRAS CONT ENCOSTAS AREAS URB;dias_sem_bm;1638;1651
2026-06-25;Alterado;dados_origem;0402097;GO;GOIÂNIA/GO;MUNICIPIO DE GOIANIA - GO;APOIO PROJETOS SIST TRANSP COLET URBANO;situacao_compl;tce em instauração;
2026-06-25;Alterado;dados_origem;0402097;GO;GOIÂNIA/GO;MUNICIPIO DE GOIANIA - GO;APOIO PROJETOS SIST TRANSP COLET URBANO;dias_sem_bm;;2144
2026-06-25;Alterado;dados_origem;0402097;GO;GOIÂNIA/GO;MUNICIPIO DE GOIANIA - GO;APOIO PROJETOS SIST TRANSP COLET URBANO;motivo_paralisacao;;Dificuldade técnica do Tomador
2026-06-25;Alterado;dados_origem;0402097;GO;GOIÂNIA/GO;MUNICIPIO DE GOIANIA - GO;APOIO PROJETOS SIST TRANSP COLET URBANO;detalhamento_motivo;;Dificuldade para a realização do processo licitatório
2026-06-25;Alterado;dados_origem;0402097;GO;GOIÂNIA/GO;MUNICIPIO DE GOIANIA - GO;APOIO PROJETOS SIST TRANSP COLET URBANO;principal_entrave;;"- Verificação da licitação em andamento;- Aguardando envio de novo plano de ação, para ajuste dos prazos"
2026-06-25;Alterado;dados_origem;0402097;GO;GOIÂNIA/GO;MUNICIPIO DE GOIANIA - GO;APOIO PROJETOS SIST TRANSP COLET URBANO;plano_acao;;Sim
2026-06-25;Alterado;dados_origem;0402097;GO;GOIÂNIA/GO;MUNICIPIO DE GOIANIA - GO;APOIO PROJETOS SIST TRANSP COLET URBANO;previsao_retomada;;2026-05-16
2026-06-25;Alterado;dados_origem;0402315;PE;ABREU E LIMA/PE;MUNICIPIO DE ABREU E LIMA - PE;AP PLAN EXEC OBRAS CONT ENCOSTAS AREAS URB;dias_sem_bm;137;150
2026-06-25;Alterado;dados_origem;0402316;PE;CABO DE SANTO AGOSTINHO/PE;MUNICIPIO DE CABO DE SANTO AGOSTINHO - PE;AP PLAN EXEC OBRAS CONT ENCOSTAS AREAS URB;dias_sem_bm;46;59
2026-06-25;Alterado;dados_origem;0402318;PE;JABOATÃO DOS GUARARAPES/PE;MUNICIPIO DE JABOATAO DOS GUARARAPES - PE;AP PLAN EXEC OBRAS CONT ENCOSTAS AREAS URB;dias_sem_bm;44;57
2026-06-25;Alterado;dados_origem;0402319;PE;OLINDA/PE;MUNICIPIO DE OLINDA - PE;AP PLAN EXEC OBRAS CONT ENCOSTAS AREAS URB;vlr_desembolsado;12400740.11;12485020.79
2026-06-25;Alterado;dados_origem;0402319;PE;OLINDA/PE;MUNICIPIO DE OLINDA - PE;AP PLAN EXEC OBRAS CONT ENCOSTAS AREAS URB;mes_ultimo_desbloqueio;202605;202606
2026-06-25;Alterado;dados_origem;0402319;PE;OLINDA/PE;MUNICIPIO DE OLINDA - PE;AP PLAN EXEC OBRAS CONT ENCOSTAS AREAS URB;dias_sem_bm;18;31
2026-06-25;Alterado;dados_origem;0402320;PE;PAULISTA/PE;MUNICIPIO DE PAULISTA - PE;AP PLAN EXEC OBRAS CONT ENCOSTAS AREAS URB;vlr_desembolsado;2727950.51;2916969.0799999996
2026-06-25;Alterado;dados_origem;0402320;PE;PAULISTA/PE;MUNICIPIO DE PAULISTA - PE;AP PLAN EXEC OBRAS CONT ENCOSTAS AREAS URB;mes_ultimo_desbloqueio;202605;202606
2026-06-25;Alterado;dados_origem;0402320;PE;PAULISTA/PE;MUNICIPIO DE PAULISTA - PE;AP PLAN EXEC OBRAS CONT ENCOSTAS AREAS URB;dias_sem_bm;17;30
2026-06-25;Alterado;dados_origem;0402321;PE;RECIFE/PE;MUNICIPIO DE RECIFE - PE;AP PLAN EXEC OBRAS CONT ENCOSTAS AREAS URB;dias_sem_bm;3;16
2026-06-25;Alterado;dados_origem;0402322;BA;SALVADOR/BA;ESTADO DA BAHIA;AP PLAN EXEC OBRAS CONT ENCOSTAS AREAS URB;dias_sem_bm;32;45
2026-06-25;Alterado;dados_origem;0402323;RJ;RIO DE JANEIRO/RJ;MUNICIPIO DE RIO DE JANEIRO - RJ;AP PLAN EXEC OBRAS CONT ENCOSTAS AREAS URB;dias_sem_bm;10;23
2026-06-25;Alterado;dados_origem;0402324;RJ;RIO DE JANEIRO/RJ;MUNICIPIO DE RIO DE JANEIRO - RJ;AP PLAN EXEC OBRAS CONT ENCOSTAS AREAS URB;vlr_desembolsado;25240790.559999995;25506136.929999996
2026-06-25;Alterado;dados_origem;0402324;RJ;RIO DE JANEIRO/RJ;MUNICIPIO DE RIO DE JANEIRO - RJ;AP PLAN EXEC OBRAS CONT ENCOSTAS AREAS URB;dias_sem_bm;3;16
2026-06-25;Alterado;dados_origem;0402325;RJ;RIO DE JANEIRO/RJ;MUNICIPIO DE RIO DE JANEIRO - RJ;AP PLAN EXEC OBRAS CONT ENCOSTAS AREAS URB;dias_sem_bm;36;49
2026-06-25;Alterado;dados_origem;0402326;RJ;RIO DE JANEIRO/RJ;MUNICIPIO DE RIO DE JANEIRO - RJ;AP PLAN EXEC OBRAS CONT ENCOSTAS AREAS URB;dias_sem_bm;1414;1427
2026-06-25;Alterado;dados_origem;0402487;BA;SALVADOR/BA;ESTADO DA BAHIA;AP SIST DREN URB SUST MANEJO AGUAS PLUVIAI;vlr_desembolsado;204836847.54;204883102.57
2026-06-25;Alterado;dados_origem;0402487;BA;SALVADOR/BA;ESTADO DA BAHIA;AP SIST DREN URB SUST MANEJO AGUAS PLUVIAI;dias_sem_bm;15;14
2026-06-25;Alterado;dados_origem;0402494;PR;CURITIBA/PR;MUNICIPIO DE CURITIBA - PR;AP SIST DREN URB SUST MANEJO AGUAS PLUVIAI;dias_sem_bm;9;22
2026-06-25;Alterado;dados_origem;0402495;PR;CURITIBA/PR;MUNICIPIO DE CURITIBA - PR;AP SIST DREN URB SUST MANEJO AGUAS PLUVIAI;vlr_desembolsado;13484105.469999999;14786344.839999998
2026-06-25;Alterado;dados_origem;0402495;PR;CURITIBA/PR;MUNICIPIO DE CURITIBA - PR;AP SIST DREN URB SUST MANEJO AGUAS PLUVIAI;mes_ultimo_desbloqueio;202605;202606
2026-06-25;Alterado;dados_origem;0402495;PR;CURITIBA/PR;MUNICIPIO DE CURITIBA - PR;AP SIST DREN URB SUST MANEJO AGUAS PLUVIAI;dias_sem_bm;24;8
2026-06-25;Alterado;dados_origem;0402496;PR;CURITIBA/PR;MUNICIPIO DE CURITIBA - PR;AP SIST DREN URB SUST MANEJO AGUAS PLUVIAI;dias_sem_bm;197;210
2026-06-25;Alterado;dados_origem;0402499;RS;PORTO ALEGRE/RS;MUNICIPIO DE PORTO ALEGRE - RS;AP SIST DREN URB SUST MANEJO AGUAS PLUVIAI;vlr_desembolsado;57289847.519999996;57301736.26
2026-06-25;Alterado;dados_origem;0402499;RS;PORTO ALEGRE/RS;MUNICIPIO DE PORTO ALEGRE - RS;AP SIST DREN URB SUST MANEJO AGUAS PLUVIAI;mes_ultimo_desbloqueio;202605;202606
2026-06-25;Alterado;dados_origem;0402499;RS;PORTO ALEGRE/RS;MUNICIPIO DE PORTO ALEGRE - RS;AP SIST DREN URB SUST MANEJO AGUAS PLUVIAI;dias_sem_bm;21;34
2026-06-25;Alterado;dados_origem;0402501;PR;PINHAIS/PR;ESTADO DO PARANA;AP SIST DREN URB SUST MANEJO AGUAS PLUVIAI;dias_sem_bm;14;10
2026-06-25;Alterado;dados_origem;0403764;SP;SÃO PAULO/SP;MUNICIPIO DE SAO PAULO - SP;AP PLAN EXEC OBRAS CONT ENCOSTAS AREAS URB;dias_sem_bm;35;48
2026-06-25;Alterado;dados_origem;0406146;BA;LAURO DE FREITAS/BA;ESTADO DA BAHIA;MANEJO DE AGUAS PLUVIAIS;dias_sem_bm;24;37
2026-06-25;Alterado;dados_origem;0408654;BA;SIMÕES FILHO/BA;ESTADO DA BAHIA;APOIO IMPLANT/MELHORIA SIST ABAST AGUA;dias_sem_bm;44;13
2026-06-25;Alterado;dados_origem;0408670;MT;VÁRZEA GRANDE/MT;MUNICIPIO DE VARZEA GRANDE - MT;APOIO IMPLANT/MELHORIA SIST ABAST AGUA;dias_sem_bm;7;20
2026-06-25;Alterado;dados_origem;0408677;RS;ROLANTE/RS;MUNICIPIO DE ROLANTE - RS;APOIO IMPL/MELHORIA SIST ESGOT SANITARIO;dias_sem_bm;816;829
2026-06-25;Alterado;dados_origem;0408679;MA;SÃO LUÍS/MA;ESTADO DO MARANHAO;APOIO IMPL/MELHORIA SIST ESGOT SANITARIO;vlr_desembolsado;133939654.08999996;135875050.54999995
2026-06-25;Alterado;dados_origem;0408679;MA;SÃO LUÍS/MA;ESTADO DO MARANHAO;APOIO IMPL/MELHORIA SIST ESGOT SANITARIO;mes_ultimo_desbloqueio;202603;202606
2026-06-25;Alterado;dados_origem;0408679;MA;SÃO LUÍS/MA;ESTADO DO MARANHAO;APOIO IMPL/MELHORIA SIST ESGOT SANITARIO;dias_sem_bm;31;7
2026-06-25;Alterado;dados_origem;0408691;GO;ANÁPOLIS/GO;ESTADO DE GOIAS;APOIO IMPL/MELHORIA SIST ESGOT SANITARIO;dias_sem_bm;49;62
2026-06-25;Alterado;dados_origem;0408703;BA;SALVADOR/BA;ESTADO DA BAHIA;APOIO IMPL/MELHORIA SIST ESGOT SANITARIO;dias_sem_bm;3;16
2026-06-25;Alterado;dados_origem;0408710;RN;NATAL/RN;ESTADO DO RIO GRANDE DO NORTE;APOIO IMPL/MELHORIA SIST ESGOT SANITARIO;vlr_desembolsado;255578163.46;256337447.45000002
2026-06-25;Alterado;dados_origem;0408710;RN;NATAL/RN;ESTADO DO RIO GRANDE DO NORTE;APOIO IMPL/MELHORIA SIST ESGOT SANITARIO;mes_ultimo_desbloqueio;202605;202606
2026-06-25;Alterado;dados_origem;0408710;RN;NATAL/RN;ESTADO DO RIO GRANDE DO NORTE;APOIO IMPL/MELHORIA SIST ESGOT SANITARIO;dias_sem_bm;30;43
2026-06-25;Alterado;dados_origem;0408715;RN;NATAL/RN;ESTADO DO RIO GRANDE DO NORTE;APOIO IMPL/MELHORIA SIST ESGOT SANITARIO;vlr_desembolsado;94234709.41999999;96142137.13999999
2026-06-25;Alterado;dados_origem;0408715;RN;NATAL/RN;ESTADO DO RIO GRANDE DO NORTE;APOIO IMPL/MELHORIA SIST ESGOT SANITARIO;mes_ultimo_desbloqueio;202603;202606
2026-06-25;Alterado;dados_origem;0408715;RN;NATAL/RN;ESTADO DO RIO GRANDE DO NORTE;APOIO IMPL/MELHORIA SIST ESGOT SANITARIO;dias_sem_bm;36;8
2026-06-25;Alterado;dados_origem;0408727;GO;ÁGUAS LINDAS DE GOIÁS/GO;MUNICIPIO DE AGUAS LINDAS DE GOIAS - GO;APOIO EMPREENDIMENTOS SANEAMENTO INTEGRADO;dias_sem_bm;185;198
2026-06-25;Alterado;dados_origem;0408729;BA;CAMAÇARI/BA;MUNICIPIO DE CAMACARI - BA;APOIO EMPREENDIMENTOS SANEAMENTO INTEGRADO;dias_sem_bm;7;20
2026-06-25;Alterado;dados_origem;0409099;CE;FORTALEZA/CE;ESTADO DO CEARA;APOIO PROJETOS SIST TRANSP COLET URBANO;vlr_desembolsado;143193339.95;148415775.14
2026-06-25;Alterado;dados_origem;0409099;CE;FORTALEZA/CE;ESTADO DO CEARA;APOIO PROJETOS SIST TRANSP COLET URBANO;mes_ultimo_desbloqueio;202605;202606
2026-06-25;Alterado;dados_origem;0409099;CE;FORTALEZA/CE;ESTADO DO CEARA;APOIO PROJETOS SIST TRANSP COLET URBANO;dias_sem_bm;4;17
2026-06-25;Alterado;dados_origem;0409561;RJ;MACAÉ/RJ;FOZ DE MACAE S.A.;SISTEMA DE TRATAMENTO DE ESGOTO;pct_fisico;76.49;76.87
2026-06-25;Alterado;dados_origem;0409705;MG;UBERLÂNDIA/MG;MUNICIPIO DE UBERLANDIA - MG;SISTEMA DE ABASTECIMENTO DE AGUA;dias_sem_bm;25;38
2026-06-25;Alterado;dados_origem;0409748;DF;BRASÍLIA/DF;DISTRITO FEDERAL;APOIO PROJETOS SIST TRANSP COLET URBANO;dias_sem_bm;56;69
2026-06-25;Alterado;dados_origem;0410517;GO;CRISTALINA/GO;SANEAMENTO DE GOIAS SA - SANEAGO;SISTEMA DE TRATAMENTO DE ESGOTO;dias_sem_bm;65;78
2026-06-25;Alterado;dados_origem;0410655;SP;/;ESTADO DE SAO PAULO;TRANSPORTES;dias_sem_bm;507;520
2026-06-25;Alterado;dados_origem;0411016;AC;RIO BRANCO/AC;ESTADO DO ACRE;APOIO IMPLANT/MELHORIA SIST ABAST AGUA;dias_sem_bm;1463;1476
2026-06-25;Alterado;dados_origem;0411221;MG;UBERLÂNDIA/MG;MUNICIPIO DE UBERLANDIA - MG;TRANSPORTES;pct_fisico;79.61;81.46
2026-06-25;Alterado;dados_origem;0411221;MG;UBERLÂNDIA/MG;MUNICIPIO DE UBERLANDIA - MG;TRANSPORTES;vlr_desembolsado;96302463.17;99390098.65
2026-06-25;Alterado;dados_origem;0411221;MG;UBERLÂNDIA/MG;MUNICIPIO DE UBERLANDIA - MG;TRANSPORTES;mes_ultimo_desbloqueio;202605;202606
2026-06-25;Alterado;dados_origem;0411221;MG;UBERLÂNDIA/MG;MUNICIPIO DE UBERLANDIA - MG;TRANSPORTES;dias_sem_bm;23;10
2026-06-25;Alterado;dados_origem;0412390;SP;RIBEIRÃO PRETO/SP;MUNICIPIO DE RIBEIRAO PRETO - SP;TRANSPORTES;dias_sem_bm;51;64
2026-06-25;Alterado;dados_origem;0413181;SE;ARACAJU/SE;ESTADO DE SERGIPE;APOIO IMPL/MELHORIA SIST ESGOT SANITARIO;dias_sem_bm;148;161
2026-06-25;Alterado;dados_origem;0421114;AC;RIO BRANCO/AC;ESTADO DO ACRE;APOIO IMPL/MELHORIA SIST ESGOT SANITARIO;dias_sem_bm;2474;2487
2026-06-25;Alterado;dados_origem;0421267;SP;DIADEMA/SP;MUNICIPIO DE DIADEMA - SP;AP PLAN EXEC OBRAS CONT ENCOSTAS AREAS URB;dias_sem_bm;84;6
2026-06-25;Alterado;dados_origem;0421268;SP;MAUÁ/SP;MUNICIPIO DE MAUA - SP;AP PLAN EXEC OBRAS CONT ENCOSTAS AREAS URB;vlr_desembolsado;21117287.319999997;21301979.979999997
2026-06-25;Alterado;dados_origem;0421268;SP;MAUÁ/SP;MUNICIPIO DE MAUA - SP;AP PLAN EXEC OBRAS CONT ENCOSTAS AREAS URB;mes_ultimo_desbloqueio;202603;202606
2026-06-25;Alterado;dados_origem;0421268;SP;MAUÁ/SP;MUNICIPIO DE MAUA - SP;AP PLAN EXEC OBRAS CONT ENCOSTAS AREAS URB;dias_sem_bm;16;10
2026-06-25;Alterado;dados_origem;0424014;PB;JOÃO PESSOA/PB;MUNICIPIO DE JOAO PESSOA - PB;OBRAS EM ESPACOS PUBLICOS URBANOS;dias_sem_bm;2080;2093
2026-06-25;Alterado;dados_origem;0424015;PB;JOÃO PESSOA/PB;MUNICIPIO DE JOAO PESSOA - PB;OBRAS EM ESPACOS PUBLICOS URBANOS;dias_sem_bm;2314;2327
2026-06-25;Alterado;dados_origem;0424024;RN;NATAL/RN;ESTADO DO RIO GRANDE DO NORTE;OBRAS EM ESPACOS PUBLICOS URBANOS;vlr_desembolsado;7491636.02;7843774.92
2026-06-25;Alterado;dados_origem;0424024;RN;NATAL/RN;ESTADO DO RIO GRANDE DO NORTE;OBRAS EM ESPACOS PUBLICOS URBANOS;mes_ultimo_desbloqueio;202604;202606
2026-06-25;Alterado;dados_origem;0424024;RN;NATAL/RN;ESTADO DO RIO GRANDE DO NORTE;OBRAS EM ESPACOS PUBLICOS URBANOS;dias_sem_bm;23;36
2026-06-25;Alterado;dados_origem;0424362;PA;PARAGOMINAS/PA;MUNICIPIO DE PARAGOMINAS - PA;APOIO IMPLANT/MELHORIA SIST ABAST AGUA;dias_sem_bm;122;135
2026-06-25;Alterado;dados_origem;0424367;CE;SOBRAL/CE;MUNICIPIO DE SOBRAL - CE;APOIO IMPLANT/MELHORIA SIST ABAST AGUA;dias_sem_bm;109;122
2026-06-25;Alterado;dados_origem;0424368;RO;CACOAL/RO;MUNICIPIO DE CACOAL - RO;APOIO IMPLANT/MELHORIA SIST ABAST AGUA;dias_sem_bm;77;90
2026-06-25;Alterado;dados_origem;0424369;PA;ORIXIMINÁ/PA;ESTADO DO PARA;APOIO IMPLANT/MELHORIA SIST ABAST AGUA;dias_sem_bm;575;588
2026-06-25;Alterado;dados_origem;0424373;CE;CAMOCIM/CE;MUNICIPIO DE CAMOCIM - CE;APOIO IMPLANT/MELHORIA SIST ABAST AGUA;dias_sem_bm;158;171
2026-06-25;Alterado;dados_origem;0424381;MS;TRÊS LAGOAS/MS;ESTADO DE MATO GROSSO DO SUL;APOIO IMPL/MELHORIA SIST ESGOT SANITARIO;pct_fisico;67.37;71.35
2026-06-25;Alterado;dados_origem;0424381;MS;TRÊS LAGOAS/MS;ESTADO DE MATO GROSSO DO SUL;APOIO IMPL/MELHORIA SIST ESGOT SANITARIO;vlr_desembolsado;36772797.099999994;38940775.870000005
2026-06-25;Alterado;dados_origem;0424381;MS;TRÊS LAGOAS/MS;ESTADO DE MATO GROSSO DO SUL;APOIO IMPL/MELHORIA SIST ESGOT SANITARIO;dias_sem_bm;2;15
2026-06-25;Alterado;dados_origem;0424382;MS;DOURADOS/MS;ESTADO DE MATO GROSSO DO SUL;APOIO IMPL/MELHORIA SIST ESGOT SANITARIO;pct_fisico;25.87;30.04
2026-06-25;Alterado;dados_origem;0424382;MS;DOURADOS/MS;ESTADO DE MATO GROSSO DO SUL;APOIO IMPL/MELHORIA SIST ESGOT SANITARIO;vlr_desembolsado;4827345.8;6722270.79
2026-06-25;Alterado;dados_origem;0424382;MS;DOURADOS/MS;ESTADO DE MATO GROSSO DO SUL;APOIO IMPL/MELHORIA SIST ESGOT SANITARIO;mes_ultimo_desbloqueio;202604;202606
2026-06-25;Alterado;dados_origem;0424382;MS;DOURADOS/MS;ESTADO DE MATO GROSSO DO SUL;APOIO IMPL/MELHORIA SIST ESGOT SANITARIO;dias_sem_bm;2;15
2026-06-25;Alterado;dados_origem;0424388;BA;IRECÊ/BA;ESTADO DA BAHIA;APOIO IMPL/MELHORIA SIST ESGOT SANITARIO;dias_sem_bm;36;49
2026-06-25;Alterado;dados_origem;0424392;SP;MOGI GUAÇU/SP;MUNICIPIO DE MOGI GUACU - SP;APOIO IMPL/MELHORIA SIST ESGOT SANITARIO;pct_fisico;72.59;72.67
2026-06-25;Alterado;dados_origem;0424392;SP;MOGI GUAÇU/SP;MUNICIPIO DE MOGI GUACU - SP;APOIO IMPL/MELHORIA SIST ESGOT SANITARIO;dias_sem_bm;4;17
2026-06-25;Alterado;dados_origem;0424393;RO;JI-PARANÁ/RO;ESTADO DE RONDONIA;APOIO IMPL/MELHORIA SIST ESGOT SANITARIO;dias_sem_bm;16;29
2026-06-25;Alterado;dados_origem;0424396;SP;JUNDIAÍ/SP;MUNICIPIO DE JUNDIAI - SP;APOIO IMPL/MELHORIA SIST ESGOT SANITARIO;dias_sem_bm;21;34
2026-06-25;Alterado;dados_origem;0424400;RN;PARNAMIRIM/RN;MUNICIPIO DE PARNAMIRIM - RN EX-EDUARDO GOMESRN;APOIO IMPL/MELHORIA SIST ESGOT SANITARIO;dias_sem_bm;182;195
2026-06-25;Alterado;dados_origem;0424400;RN;PARNAMIRIM/RN;MUNICIPIO DE PARNAMIRIM - RN EX-EDUARDO GOMESRN;APOIO IMPL/MELHORIA SIST ESGOT SANITARIO;principal_entrave;As obras relativas ao Termo de Compromisso nº 0424400-04/2014, encontram-se paralisada em razão dos fatos adiante:1) Necessidade de realização de novo procedimento licitatório relativo aos saldos remanescentes de obra, a ser promovido pela Companhia de Águas e Esgotos doEstado do Rio Grande do Norte – CAERN, em virtude da extinção do contrato de execução e fornecimento com a empresa Construtora A Gaspar Ltda.2) Necessidade de conclusão dos trâmites relacionados à fase de desapropriação das áreas (Processos nº 37.639/2025 - EEE 10+11, 37.597/2025 - EEE 01, 37.677/2025 - EEE 06, 37.600/2025 - EEE 14, 37.657/2025 - EEE 10B) necessárias à execução daselevatórias, etapa imprescindível para o pleno desenvolvimento das intervenções previstas.;As obras relativas ao Termo de Compromisso nº 0424400-04/2014, encontram-se paralisada em razão dos fatos adiante: 1) Necessidade de realização de novo procedimento licitatório relativo aos saldos remanescentes de obra, a ser promovido pela Companhia de Águas e Esgotos do Estado do Rio Grande do Norte – CAERN, em virtude da extinção do contrato de execução e fornecimento com a empresa Construtora A Gaspar Ltda. 2) Necessidade de conclusão dos trâmites relacionados à fase de desapropriação das áreas (Processos nº 37.639/2025 - EEE 10+11, 37.597/2025 - EEE 01, 37.677/2025 - EEE 06, 37.600/2025 - EEE 14, 37.657/2025 - EEE 10B) necessárias à execução das elevatórias, etapa imprescindível para o pleno desenvolvimento das intervenções previstas.
2026-06-25;Alterado;dados_origem;0424401;SE;ARACAJU/SE;ESTADO DE SERGIPE;APOIO IMPL/MELHORIA SIST ESGOT SANITARIO;vlr_desembolsado;56918578.74;56998010.690000005
2026-06-25;Alterado;dados_origem;0424401;SE;ARACAJU/SE;ESTADO DE SERGIPE;APOIO IMPL/MELHORIA SIST ESGOT SANITARIO;mes_ultimo_desbloqueio;202602;202606
2026-06-25;Alterado;dados_origem;0424401;SE;ARACAJU/SE;ESTADO DE SERGIPE;APOIO IMPL/MELHORIA SIST ESGOT SANITARIO;dias_sem_bm;99;107
2026-06-25;Alterado;dados_origem;0424404;RN;MOSSORÓ/RN;MUNICIPIO DE MOSSORO - RN;APOIO IMPL/MELHORIA SIST ESGOT SANITARIO;dias_sem_bm;73;86
2026-06-25;Alterado;dados_origem;0424405;MG;SETE LAGOAS/MG;MUNICIPIO DE SETE LAGOAS - MG;APOIO IMPL/MELHORIA SIST ESGOT SANITARIO;situacao_obra;Obra Paralisada;Obra em andamento
2026-06-25;Alterado;dados_origem;0424405;MG;SETE LAGOAS/MG;MUNICIPIO DE SETE LAGOAS - MG;APOIO IMPL/MELHORIA SIST ESGOT SANITARIO;dias_sem_bm;93;15
2026-06-25;Alterado;dados_origem;0424419;MG;MURIAÉ/MG;MUNICIPIO DE MURIAE - MG;APOIO IMPL/MELHORIA SIST ESGOT SANITARIO;dias_sem_bm;43;6
2026-06-25;Alterado;dados_origem;0424427;MG;LEOPOLDINA/MG;MUNICIPIO DE LEOPOLDINA - MG;APOIO IMPL/MELHORIA SIST ESGOT SANITARIO;dias_sem_bm;57;70
2026-06-25;Alterado;dados_origem;0424428;ES;COLATINA/ES;MUNICIPIO DE COLATINA - ES;APOIO IMPL/MELHORIA SIST ESGOT SANITARIO;dias_sem_bm;3;16
2026-06-25;Alterado;dados_origem;0424429;CE;SOBRAL/CE;MUNICIPIO DE SOBRAL - CE;APOIO IMPL/MELHORIA SIST ESGOT SANITARIO;dias_sem_bm;276;289
2026-06-25;Alterado;dados_origem;0424431;CE;CAMOCIM/CE;MUNICIPIO DE CAMOCIM - CE;APOIO IMPL/MELHORIA SIST ESGOT SANITARIO;dias_sem_bm;193;206
2026-06-25;Alterado;dados_origem;0424434;SP;JACAREÍ/SP;MUNICIPIO DE JACAREI - SP;APOIO EMPREENDIMENTOS SANEAMENTO INTEGRADO;dias_sem_bm;18;31
2026-06-25;Alterado;dados_origem;0424435;RN;NATAL/RN;MUNICIPIO DE NATAL - RN;APOIO EMPREENDIMENTOS SANEAMENTO INTEGRADO;situacao_obra;Obra em andamento;Obra Paralisada
2026-06-25;Alterado;dados_origem;0424435;RN;NATAL/RN;MUNICIPIO DE NATAL - RN;APOIO EMPREENDIMENTOS SANEAMENTO INTEGRADO;dias_sem_bm;86;99
2026-06-25;Alterado;dados_origem;0424435;RN;NATAL/RN;MUNICIPIO DE NATAL - RN;APOIO EMPREENDIMENTOS SANEAMENTO INTEGRADO;motivo_paralisacao;;Dificuldade técnica do Tomador
2026-06-25;Alterado;dados_origem;0424435;RN;NATAL/RN;MUNICIPIO DE NATAL - RN;APOIO EMPREENDIMENTOS SANEAMENTO INTEGRADO;detalhamento_motivo;;Dificuldade para atender requisitos documentais para reprogramação
2026-06-25;Alterado;dados_origem;0424435;RN;NATAL/RN;MUNICIPIO DE NATAL - RN;APOIO EMPREENDIMENTOS SANEAMENTO INTEGRADO;principal_entrave;;Segundo o Tomador, depois da reprogramação em curso, será procedida uma nova licitação para retomada e conclusão das obras.
2026-06-25;Alterado;dados_origem;0424435;RN;NATAL/RN;MUNICIPIO DE NATAL - RN;APOIO EMPREENDIMENTOS SANEAMENTO INTEGRADO;plano_acao;;Não
2026-06-25;Alterado;dados_origem;0424438;BA;DIAS D'ÁVILA/BA;MUNICIPIO DE DIAS D AVILA - BA;APOIO EMPREENDIMENTOS SANEAMENTO INTEGRADO;dias_sem_bm;46;59
2026-06-25;Alterado;dados_origem;0424439;GO;VALPARAÍSO DE GOIÁS/GO;MUNICIPIO DE VALPARAISO - GO;APOIO EMPREENDIMENTOS SANEAMENTO INTEGRADO;pct_fisico;33.21;28.16
2026-06-25;Alterado;dados_origem;0424439;GO;VALPARAÍSO DE GOIÁS/GO;MUNICIPIO DE VALPARAISO - GO;APOIO EMPREENDIMENTOS SANEAMENTO INTEGRADO;vlr_contrapartida;0;49359.72
2026-06-25;Alterado;dados_origem;0424439;GO;VALPARAÍSO DE GOIÁS/GO;MUNICIPIO DE VALPARAISO - GO;APOIO EMPREENDIMENTOS SANEAMENTO INTEGRADO;vlr_desembolsado;23856419.68;27980125.81
2026-06-25;Alterado;dados_origem;0424439;GO;VALPARAÍSO DE GOIÁS/GO;MUNICIPIO DE VALPARAISO - GO;APOIO EMPREENDIMENTOS SANEAMENTO INTEGRADO;mes_ultimo_desbloqueio;202604;202606
2026-06-25;Alterado;dados_origem;0424439;GO;VALPARAÍSO DE GOIÁS/GO;MUNICIPIO DE VALPARAISO - GO;APOIO EMPREENDIMENTOS SANEAMENTO INTEGRADO;dias_sem_bm;21;9
2026-06-25;Alterado;dados_origem;0424440;GO;SANTO ANTÔNIO DO DESCOBERTO/GO;MUNICIPIO DE SANTO ANTONIO DO DESCOBERTO - GO;APOIO EMPREENDIMENTOS SANEAMENTO INTEGRADO;dias_sem_bm;30;13
2026-06-25;Alterado;dados_origem;0424441;GO;CIDADE OCIDENTAL/GO;MUNICIPIO DE CIDADE OCIDENTAL - GO;APOIO EMPREENDIMENTOS SANEAMENTO INTEGRADO;dias_sem_bm;196;209
2026-06-25;Alterado;dados_origem;0424442;BA;TEIXEIRA DE FREITAS/BA;MUNICIPIO DE TEIXEIRA DE FREITAS - BA;APOIO EMPREENDIMENTOS SANEAMENTO INTEGRADO;dias_sem_bm;38;51
2026-06-25;Alterado;dados_origem;0424445;SP;CAMPINAS/SP;MUNICIPIO DE CAMPINAS - SP;APOIO EMPREENDIMENTOS SANEAMENTO INTEGRADO;vlr_desembolsado;25308113.689999998;26014556.089999996
2026-06-25;Alterado;dados_origem;0424445;SP;CAMPINAS/SP;MUNICIPIO DE CAMPINAS - SP;APOIO EMPREENDIMENTOS SANEAMENTO INTEGRADO;mes_ultimo_desbloqueio;202603;202605
2026-06-25;Alterado;dados_origem;0424445;SP;CAMPINAS/SP;MUNICIPIO DE CAMPINAS - SP;APOIO EMPREENDIMENTOS SANEAMENTO INTEGRADO;dias_sem_bm;58;3
2026-06-25;Alterado;dados_origem;0425748;SP;SÃO PAULO/SP;MUNICIPIO DE SAO PAULO - SP;APOIO PROJETOS SIST TRANSP COLET URBANO;dias_sem_bm;15;28
2026-06-25;Alterado;dados_origem;0425756;MA;CAXIAS/MA;MUNICIPIO DE CAXIAS - MA;IMPLANTACAO ESPACOS PUBLICOS ESPORTE LAZER;dias_sem_bm;32;45
2026-06-25;Alterado;dados_origem;0425851;SP;BIRIGUI/SP;MUNICIPIO DE BIRIGUI - SP;IMPLANTACAO ESPACOS PUBLICOS ESPORTE LAZER;dias_sem_bm;1653;1666
2026-06-25;Alterado;dados_origem;0425904;BA;SERRINHA/BA;MUNICIPIO DE SERRINHA - BA;IMPLANTACAO ESPACOS PUBLICOS ESPORTE LAZER;dias_sem_bm;11;24
2026-06-25;Alterado;dados_origem;0425913;MS;CORUMBÁ/MS;MUNICIPIO DE CORUMBA - MS;IMPLANTACAO ESPACOS PUBLICOS ESPORTE LAZER;dias_sem_bm;738;751
2026-06-25;Alterado;dados_origem;0425969;BA;LAURO DE FREITAS/BA;MUNICIPIO DE LAURO DE FREITAS - BA;IMPLANTACAO ESPACOS PUBLICOS ESPORTE LAZER;pct_fisico;74.26;91.01
2026-06-25;Alterado;dados_origem;0425969;BA;LAURO DE FREITAS/BA;MUNICIPIO DE LAURO DE FREITAS - BA;IMPLANTACAO ESPACOS PUBLICOS ESPORTE LAZER;dias_sem_bm;64;77
2026-06-25;Alterado;dados_origem;0426275;PA;TUCURUÍ/PA;MUNICIPIO DE TUCURUI - PA;IMPLANTACAO ESPACOS PUBLICOS ESPORTE LAZER;dias_sem_bm;529;542
2026-06-25;Alterado;dados_origem;0426312;SP;CARAPICUÍBA/SP;MUNICIPIO DE CARAPICUIBA - SP;APOIO IMPL/MELHORIA SIST ESGOT SANITARIO;dias_sem_bm;98;111
2026-06-25;Alterado;dados_origem;0426326;MS;DOURADOS/MS;EMPRESA DE SANEAMENTO DE MATO GROSSO DO SUL - SANESUL;SISTEMA DE ABASTECIMENTO DE AGUA;vlr_desembolsado;78607528.41000001;78733680.99000001
2026-06-25;Alterado;dados_origem;0426326;MS;DOURADOS/MS;EMPRESA DE SANEAMENTO DE MATO GROSSO DO SUL - SANESUL;SISTEMA DE ABASTECIMENTO DE AGUA;mes_ultimo_desbloqueio;202605;202606
2026-06-25;Alterado;dados_origem;0426326;MS;DOURADOS/MS;EMPRESA DE SANEAMENTO DE MATO GROSSO DO SUL - SANESUL;SISTEMA DE ABASTECIMENTO DE AGUA;dias_sem_bm;17;30
2026-06-25;Alterado;dados_origem;0426465;SP;MAUÁ/SP;MUNICIPIO DE MAUA - SP;URB.ASSENT.PREC E HABITACOES;dias_sem_bm;59;72
2026-06-25;Alterado;dados_origem;0426466;SP;SANTO ANDRÉ/SP;MUNICIPIO DE SANTO ANDRE - SP;URB.ASSENT.PREC E HABITACOES;dias_sem_bm;43;56
2026-06-25;Alterado;dados_origem;0426467;SP;SÃO BERNARDO DO CAMPO/SP;MUNICIPIO DE SAO BERNARDO DO CAMPO - SP;URB.ASSENT.PREC E HABITACOES;dias_sem_bm;9;22
2026-06-25;Alterado;dados_origem;0426999;MG;ITABIRA/MG;MUNICIPIO DE ITABIRA - MG;SISTEMA DE TRATAMENTO DE ESGOTO;dias_sem_bm;543;556
2026-06-25;Alterado;dados_origem;0428547;SE;LAGARTO/SE;ESTADO DE SERGIPE;SISTEMA DE TRATAMENTO DE ESGOTO;dias_sem_bm;74;87
2026-06-25;Alterado;dados_origem;0436533;PR;CURITIBA/PR;MUNICIPIO DE CURITIBA - PR;APOIO PROJETOS SIST TRANSP COLET URBANO;dias_sem_bm;4;17
2026-06-25;Alterado;dados_origem;0436534;PR;CURITIBA/PR;MUNICIPIO DE CURITIBA - PR;APOIO PROJETOS SIST TRANSP COLET URBANO;dias_sem_bm;100;113
2026-06-25;Alterado;dados_origem;0436535;PR;CURITIBA/PR;MUNICIPIO DE CURITIBA - PR;APOIO PROJETOS SIST TRANSP COLET URBANO;dias_sem_bm;100;113
2026-06-25;Alterado;dados_origem;0438474;SP;SÃO PAULO/SP;ESTADO DE SAO PAULO;APOIO PROJETOS SIST TRANSP COLET URBANO;vlr_desembolsado;284814535.46000016;284923478.89000016
2026-06-25;Alterado;dados_origem;0438474;SP;SÃO PAULO/SP;ESTADO DE SAO PAULO;APOIO PROJETOS SIST TRANSP COLET URBANO;mes_ultimo_desbloqueio;202601;202606
2026-06-25;Alterado;dados_origem;0438474;SP;SÃO PAULO/SP;ESTADO DE SAO PAULO;APOIO PROJETOS SIST TRANSP COLET URBANO;dias_sem_bm;22;2
2026-06-25;Alterado;dados_origem;0440355;SP;MAUÁ/SP;MUNICIPIO DE MAUA - SP;APOIO PROJETOS SIST TRANSP COLET URBANO;dias_sem_bm;25;38
2026-06-25;Alterado;dados_origem;0440429;SP;DIADEMA/SP;MUNICIPIO DE DIADEMA - SP;APOIO PROJETOS SIST TRANSP COLET URBANO;vlr_desembolsado;8064692.749999998;8266177.529999998
2026-06-25;Alterado;dados_origem;0440429;SP;DIADEMA/SP;MUNICIPIO DE DIADEMA - SP;APOIO PROJETOS SIST TRANSP COLET URBANO;mes_ultimo_desbloqueio;202602;202606
2026-06-25;Alterado;dados_origem;0440429;SP;DIADEMA/SP;MUNICIPIO DE DIADEMA - SP;APOIO PROJETOS SIST TRANSP COLET URBANO;dias_sem_bm;30;43
2026-06-25;Alterado;dados_origem;0442743;PA;SANTARÉM/PA;ESTADO DO PARA;APOIO IMPLANT/MELHORIA SIST ABAST AGUA;dias_sem_bm;24;37
2026-06-25;Alterado;dados_origem;0442746;SC;GASPAR/SC;MUNICIPIO DE GASPAR - SC;APOIO IMPL/MELHORIA SIST ESGOT SANITARIO;dias_sem_bm;3;16
2026-06-25;Alterado;dados_origem;0442752;RS;SÃO LEOPOLDO/RS;MUNICIPIO DE SAO LEOPOLDO - RS;APOIO IMPL/MELHORIA SIST ESGOT SANITARIO;vlr_desembolsado;14454533.279999997;15051247.309999999
2026-06-25;Alterado;dados_origem;0442752;RS;SÃO LEOPOLDO/RS;MUNICIPIO DE SAO LEOPOLDO - RS;APOIO IMPL/MELHORIA SIST ESGOT SANITARIO;mes_ultimo_desbloqueio;202605;202606
2026-06-25;Alterado;dados_origem;0442752;RS;SÃO LEOPOLDO/RS;MUNICIPIO DE SAO LEOPOLDO - RS;APOIO IMPL/MELHORIA SIST ESGOT SANITARIO;dias_sem_bm;4;17
2026-06-25;Alterado;dados_origem;0443345;BA;SALVADOR/BA;ESTADO DA BAHIA;TRANSPORTES;dias_sem_bm;30;43
2026-06-25;Alterado;dados_origem;0443919;PI;TERESINA/PI;MUNICIPIO DE TERESINA - PI;TRANSPORTES;dias_sem_bm;281;294
2026-06-25;Alterado;dados_origem;0445334;PB;JOÃO PESSOA/PB;ESTADO DA PARAIBA;APOIO IMPLANT/MELHORIA SIST ABAST AGUA;dias_sem_bm;241;254
2026-06-25;Alterado;dados_origem;0447467;PA;BELÉM/PA;MUNICIPIO DE BELEM - PA;TRANSPORTES;dias_sem_bm;172;185
2026-06-25;Alterado;dados_origem;0459669;BA;SALVADOR/BA;ESTADO DA BAHIA;AP SIST DREN URB SUST MANEJO AGUAS PLUVIAI;dias_sem_bm;23;36
2026-06-25;Alterado;dados_origem;0505243;PR;MEDIANEIRA/PR;CIA DE SANEAMENTO DO PARANA - SANEPAR - PR;SISTEMA DE TRATAMENTO DE ESGOTO;pct_fisico;77.65;77.94
2026-06-25;Alterado;dados_origem;0505243;PR;MEDIANEIRA/PR;CIA DE SANEAMENTO DO PARANA - SANEPAR - PR;SISTEMA DE TRATAMENTO DE ESGOTO;dias_sem_bm;35;10
2026-06-25;Alterado;dados_origem;0505244;PR;NOVA SANTA ROSA/PR;CIA DE SANEAMENTO DO PARANA - SANEPAR - PR;SISTEMA DE TRATAMENTO DE ESGOTO;pct_fisico;24.12;26.18
2026-06-25;Alterado;dados_origem;0505244;PR;NOVA SANTA ROSA/PR;CIA DE SANEAMENTO DO PARANA - SANEPAR - PR;SISTEMA DE TRATAMENTO DE ESGOTO;dias_sem_bm;4;17
2026-06-25;Alterado;dados_origem;0505246;PR;FORMOSA DO OESTE/PR;CIA DE SANEAMENTO DO PARANA - SANEPAR - PR;SISTEMA DE TRATAMENTO DE ESGOTO;pct_fisico;45.52;49.51
2026-06-25;Alterado;dados_origem;0505246;PR;FORMOSA DO OESTE/PR;CIA DE SANEAMENTO DO PARANA - SANEPAR - PR;SISTEMA DE TRATAMENTO DE ESGOTO;dias_sem_bm;4;17
2026-06-25;Alterado;dados_origem;0505250;PR;SAUDADE DO IGUAÇU/PR;CIA DE SANEAMENTO DO PARANA - SANEPAR - PR;SISTEMA DE TRATAMENTO DE ESGOTO;pct_fisico;37.01;45.12
2026-06-25;Alterado;dados_origem;0505250;PR;SAUDADE DO IGUAÇU/PR;CIA DE SANEAMENTO DO PARANA - SANEPAR - PR;SISTEMA DE TRATAMENTO DE ESGOTO;dias_sem_bm;4;17
2026-06-25;Alterado;dados_origem;0505260;SC;ITAJAÍ/SC;MUNICIPIO DE ITAJAI - SC;SISTEMA DE TRATAMENTO DE ESGOTO;dias_sem_bm;56;69
2026-06-25;Alterado;dados_origem;0505271;SP;SOROCABA/SP;MUNICIPIO DE SOROCABA - SP;SISTEMA DE TRATAMENTO DE ESGOTO;pct_fisico;66.44;72.69
2026-06-25;Alterado;dados_origem;0505271;SP;SOROCABA/SP;MUNICIPIO DE SOROCABA - SP;SISTEMA DE TRATAMENTO DE ESGOTO;vlr_desembolsado;54225034.55999999;59345802.429999985
2026-06-25;Alterado;dados_origem;0505271;SP;SOROCABA/SP;MUNICIPIO DE SOROCABA - SP;SISTEMA DE TRATAMENTO DE ESGOTO;mes_ultimo_desbloqueio;202605;202606
2026-06-25;Alterado;dados_origem;0505271;SP;SOROCABA/SP;MUNICIPIO DE SOROCABA - SP;SISTEMA DE TRATAMENTO DE ESGOTO;dias_sem_bm;9;22
2026-06-25;Alterado;dados_origem;0505273;SP;SOROCABA/SP;MUNICIPIO DE SOROCABA - SP;REDUCAO E CONTROLE DE PERDAS;dias_sem_bm;30;6
2026-06-25;Alterado;dados_origem;0505699;MS;NOVA ANDRADINA/MS;EMPRESA DE SANEAMENTO DE MATO GROSSO DO SUL - SANESUL;SISTEMA DE TRATAMENTO DE ESGOTO;dias_sem_bm;57;70
2026-06-25;Alterado;dados_origem;0505701;MS;PARANAÍBA/MS;EMPRESA DE SANEAMENTO DE MATO GROSSO DO SUL - SANESUL;SISTEMA DE TRATAMENTO DE ESGOTO;dias_sem_bm;17;30
2026-06-25;Alterado;dados_origem;0505867;SP;GUARUJÁ/SP;MUNICIPIO DE GUARUJA - SP;MANEJO DE AGUAS PLUVIAIS;dias_sem_bm;49;62
2026-06-25;Alterado;dados_origem;0505938;PI;TERESINA/PI;MUNICIPIO DE TERESINA - PI;MANEJO DE AGUAS PLUVIAIS;dias_sem_bm;38;51
2026-06-25;Alterado;dados_origem;0505962;SP;MOGI DAS CRUZES/SP;MUNICIPIO DE MOGI DAS CRUZES - SP;SISTEMA DE TRATAMENTO DE ESGOTO;pct_fisico;38.01;42.86
2026-06-25;Alterado;dados_origem;0505962;SP;MOGI DAS CRUZES/SP;MUNICIPIO DE MOGI DAS CRUZES - SP;SISTEMA DE TRATAMENTO DE ESGOTO;dias_sem_bm;72;37
2026-06-25;Alterado;dados_origem;0505968;SP;MOGI DAS CRUZES/SP;MUNICIPIO DE MOGI DAS CRUZES - SP;SISTEMA DE ABASTECIMENTO DE AGUA;dias_sem_bm;1046;1059
2026-06-25;Alterado;dados_origem;0505972;SP;SÃO PAULO/SP;MUNICIPIO DE SAO PAULO - SP;MANEJO DE AGUAS PLUVIAIS;vlr_desembolsado;63864903.41;72267319.19999999
2026-06-25;Alterado;dados_origem;0505972;SP;SÃO PAULO/SP;MUNICIPIO DE SAO PAULO - SP;MANEJO DE AGUAS PLUVIAIS;mes_ultimo_desbloqueio;202604;202606
2026-06-25;Alterado;dados_origem;0505972;SP;SÃO PAULO/SP;MUNICIPIO DE SAO PAULO - SP;MANEJO DE AGUAS PLUVIAIS;dias_sem_bm;35;48
2026-06-25;Alterado;dados_origem;0506041;SP;SANTOS/SP;MUNICIPIO DE SANTOS - SP;MANEJO DE AGUAS PLUVIAIS;dias_sem_bm;947;960
2026-06-25;Alterado;dados_origem;0506435;MG;NOVA RESENDE/MG;CIA DE SANEAMENTO DE MINAS GERAIS - COPASA;SISTEMA DE ABASTECIMENTO DE AGUA;dias_sem_bm;102;115
2026-06-25;Alterado;dados_origem;0506438;MG;ALÉM PARAÍBA/MG;CIA DE SANEAMENTO DE MINAS GERAIS - COPASA;SISTEMA DE TRATAMENTO DE ESGOTO;pct_fisico;65.09;65.53
2026-06-25;Alterado;dados_origem;0506438;MG;ALÉM PARAÍBA/MG;CIA DE SANEAMENTO DE MINAS GERAIS - COPASA;SISTEMA DE TRATAMENTO DE ESGOTO;vlr_desembolsado;31176342.109999992;31387713.659999993
2026-06-25;Alterado;dados_origem;0506438;MG;ALÉM PARAÍBA/MG;CIA DE SANEAMENTO DE MINAS GERAIS - COPASA;SISTEMA DE TRATAMENTO DE ESGOTO;mes_ultimo_desbloqueio;202605;202606
2026-06-25;Alterado;dados_origem;0506438;MG;ALÉM PARAÍBA/MG;CIA DE SANEAMENTO DE MINAS GERAIS - COPASA;SISTEMA DE TRATAMENTO DE ESGOTO;dias_sem_bm;43;24
2026-06-25;Alterado;dados_origem;0506445;MG;SARZEDO/MG;CIA DE SANEAMENTO DE MINAS GERAIS - COPASA;SISTEMA DE TRATAMENTO DE ESGOTO;situacao_obra;Obra Paralisada;Obra concluída
2026-06-25;Alterado;dados_origem;0506445;MG;SARZEDO/MG;CIA DE SANEAMENTO DE MINAS GERAIS - COPASA;SISTEMA DE TRATAMENTO DE ESGOTO;pct_fisico;92.58;93.88
2026-06-25;Alterado;dados_origem;0506445;MG;SARZEDO/MG;CIA DE SANEAMENTO DE MINAS GERAIS - COPASA;SISTEMA DE TRATAMENTO DE ESGOTO;dias_sem_bm;171;
2026-06-25;Alterado;dados_origem;0506445;MG;SARZEDO/MG;CIA DE SANEAMENTO DE MINAS GERAIS - COPASA;SISTEMA DE TRATAMENTO DE ESGOTO;motivo_paralisacao;Licenciamento ambiental;
2026-06-25;Alterado;dados_origem;0506445;MG;SARZEDO/MG;CIA DE SANEAMENTO DE MINAS GERAIS - COPASA;SISTEMA DE TRATAMENTO DE ESGOTO;detalhamento_motivo;Não obtenção da Licença Ambiental de Operação (LO);
2026-06-25;Alterado;dados_origem;0506445;MG;SARZEDO/MG;CIA DE SANEAMENTO DE MINAS GERAIS - COPASA;SISTEMA DE TRATAMENTO DE ESGOTO;principal_entrave;Em 12/03/2026 solicitado ao Tomador o envio da licença de operação ou Parecer do órgão ambiental atestando que a Licença Ambiental Simplificada substitui a Licença de Operação.;
2026-06-25;Alterado;dados_origem;0506445;MG;SARZEDO/MG;CIA DE SANEAMENTO DE MINAS GERAIS - COPASA;SISTEMA DE TRATAMENTO DE ESGOTO;plano_acao;Não;
2026-06-25;Alterado;dados_origem;0506449;MG;CONCEIÇÃO DO PARÁ/MG;CIA DE SANEAMENTO DE MINAS GERAIS - COPASA;SISTEMA DE TRATAMENTO DE ESGOTO;dias_sem_bm;224;237
2026-06-25;Alterado;dados_origem;0506451;MG;ESTRELA DO SUL/MG;CIA DE SANEAMENTO DE MINAS GERAIS - COPASA;SISTEMA DE TRATAMENTO DE ESGOTO;dias_sem_bm;1380;1393
2026-06-25;Alterado;dados_origem;0506597;MG;JUIZ DE FORA/MG;CIA SAN.PESQ.DO MEIO AMBIENTE-CESAMA(EX DP DE AGUA ESG JF);SISTEMA DE ABASTECIMENTO DE AGUA;dias_sem_bm;211;224
2026-06-25;Alterado;dados_origem;0514514;MG;CONTAGEM/MG;MUNICIPIO DE CONTAGEM - MG;MANEJO DE AGUAS PLUVIAIS;dias_sem_bm;35;14
2026-06-25;Alterado;dados_origem;0517986;MG;CONTAGEM/MG;MUNICIPIO DE CONTAGEM - MG;TRANSPORTES;dias_sem_bm;35;14
2026-06-25;Alterado;dados_origem;0520217;SP;CAMPINAS/SP;SOC ABASTECIMENTO AGUA E SANEAMENTO S/A -SANASA;SISTEMA DE ABASTECIMENTO DE AGUA;dias_sem_bm;58;71
2026-06-25;Alterado;dados_origem;0520296;SP;JUNDIAÍ/SP;DAE SA - AGUA E ESGOTO;SISTEMA DE TRATAMENTO DE ESGOTO;situacao_obra;Obra Paralisada;Obra em andamento
2026-06-25;Alterado;dados_origem;0520296;SP;JUNDIAÍ/SP;DAE SA - AGUA E ESGOTO;SISTEMA DE TRATAMENTO DE ESGOTO;dias_sem_bm;99;7
2026-06-25;Alterado;dados_origem;0520296;SP;JUNDIAÍ/SP;DAE SA - AGUA E ESGOTO;SISTEMA DE TRATAMENTO DE ESGOTO;motivo_paralisacao;Desapropriação ou titularidade de área;
2026-06-25;Alterado;dados_origem;0520296;SP;JUNDIAÍ/SP;DAE SA - AGUA E ESGOTO;SISTEMA DE TRATAMENTO DE ESGOTO;detalhamento_motivo;Não obtenção de concessão de uso de solo / passagem;
2026-06-25;Alterado;dados_origem;0520296;SP;JUNDIAÍ/SP;DAE SA - AGUA E ESGOTO;SISTEMA DE TRATAMENTO DE ESGOTO;principal_entrave;A principal restrição para a retomada da operação está na conclusão do processo de regularização fundiária e/ou na apresentação da documentação de titularidade pertinente, o que permitirá a continuidade da execução da obra.Como encaminhamento, o tomador avalia a possibilidade de exclusão dos trechos impactados, visando à conclusão da obra. Adicionalmente, são realizadas reuniões periódicas de acompanhamento do contrato entre o tomador e o representante da Caixa.;
2026-06-25;Alterado;dados_origem;0520296;SP;JUNDIAÍ/SP;DAE SA - AGUA E ESGOTO;SISTEMA DE TRATAMENTO DE ESGOTO;plano_acao;Não;
2026-06-25;Alterado;dados_origem;0520299;SP;JUNDIAÍ/SP;DAE SA - AGUA E ESGOTO;SISTEMA DE ABASTECIMENTO DE AGUA;pct_fisico;56.49;58.1
2026-06-25;Alterado;dados_origem;0520299;SP;JUNDIAÍ/SP;DAE SA - AGUA E ESGOTO;SISTEMA DE ABASTECIMENTO DE AGUA;vlr_desembolsado;7287235.519999999;7495300.629999999
2026-06-25;Alterado;dados_origem;0520299;SP;JUNDIAÍ/SP;DAE SA - AGUA E ESGOTO;SISTEMA DE ABASTECIMENTO DE AGUA;mes_ultimo_desbloqueio;202605;202606
2026-06-25;Alterado;dados_origem;0520299;SP;JUNDIAÍ/SP;DAE SA - AGUA E ESGOTO;SISTEMA DE ABASTECIMENTO DE AGUA;dias_sem_bm;9;22
2026-06-25;Alterado;dados_origem;0520300;SP;JUNDIAÍ/SP;DAE SA - AGUA E ESGOTO;SISTEMA DE ABASTECIMENTO DE AGUA;dias_sem_bm;59;72
2026-06-25;Alterado;dados_origem;0520301;SP;JUNDIAÍ/SP;DAE SA - AGUA E ESGOTO;SISTEMA DE ABASTECIMENTO DE AGUA;dias_sem_bm;192;205
2026-06-25;Alterado;dados_origem;0520493;MG;TRÊS PONTAS/MG;MUNICIPIO DE TRES PONTAS - MG;SISTEMA DE ABASTECIMENTO DE AGUA;dias_sem_bm;65;78
2026-06-25;Alterado;dados_origem;0520525;SP;RIBEIRÃO PRETO/SP;MUNICIPIO DE RIBEIRAO PRETO - SP;REDUCAO E CONTROLE DE PERDAS;vlr_desembolsado;71767641.31000002;71803282.06000002
2026-06-25;Alterado;dados_origem;0520525;SP;RIBEIRÃO PRETO/SP;MUNICIPIO DE RIBEIRAO PRETO - SP;REDUCAO E CONTROLE DE PERDAS;mes_ultimo_desbloqueio;202605;202606
2026-06-25;Alterado;dados_origem;0520525;SP;RIBEIRÃO PRETO/SP;MUNICIPIO DE RIBEIRAO PRETO - SP;REDUCAO E CONTROLE DE PERDAS;dias_sem_bm;25;3
2026-06-25;Alterado;dados_origem;0520545;PE;RECIFE/PE;MUNICIPIO DE RECIFE - PE;SISTEMA DE TRATAMENTO DE ESGOTO;dias_sem_bm;191;204
2026-06-25;Alterado;dados_origem;0520653;CE;CAUCAIA/CE;CIA AGUAS E ESGOTOS DO CEARA-CAGECE;SISTEMA DE ABASTECIMENTO DE AGUA;dias_sem_bm;576;589
2026-06-25;Alterado;dados_origem;0520695;SP;SALTO/SP;MUNICIPIO DE SALTO - SP;SISTEMA DE ABASTECIMENTO DE AGUA;situacao_obra;Obra Paralisada;Obra em andamento
2026-06-25;Alterado;dados_origem;0520695;SP;SALTO/SP;MUNICIPIO DE SALTO - SP;SISTEMA DE ABASTECIMENTO DE AGUA;dias_sem_bm;101;17
2026-06-25;Alterado;dados_origem;0520695;SP;SALTO/SP;MUNICIPIO DE SALTO - SP;SISTEMA DE ABASTECIMENTO DE AGUA;motivo_paralisacao;Fato ou evento não previsto;
2026-06-25;Alterado;dados_origem;0520695;SP;SALTO/SP;MUNICIPIO DE SALTO - SP;SISTEMA DE ABASTECIMENTO DE AGUA;detalhamento_motivo;Intercorrências imprevisíveis na execução da obra;
2026-06-25;Alterado;dados_origem;0520695;SP;SALTO/SP;MUNICIPIO DE SALTO - SP;SISTEMA DE ABASTECIMENTO DE AGUA;principal_entrave;A obra não encontra-se paralisada, devido tramites internos da prefeitura está demorando para o envio da medição à Caixa Econômica Federal. O Município informou que até o dia 12/06/2026 irá enviar solicitação de desembolso.;
2026-06-25;Alterado;dados_origem;0520695;SP;SALTO/SP;MUNICIPIO DE SALTO - SP;SISTEMA DE ABASTECIMENTO DE AGUA;plano_acao;Não;
2026-06-25;Alterado;dados_origem;0520705;CE;CAUCAIA/CE;CIA AGUAS E ESGOTOS DO CEARA-CAGECE;SISTEMA DE TRATAMENTO DE ESGOTO;dias_sem_bm;576;589
2026-06-25;Alterado;dados_origem;0520712;CE;FORTALEZA/CE;CIA AGUAS E ESGOTOS DO CEARA-CAGECE;SISTEMA DE TRATAMENTO DE ESGOTO;dias_sem_bm;21;34
2026-06-25;Alterado;dados_origem;0520717;CE;JIJOCA DE JERICOACOARA/CE;CIA AGUAS E ESGOTOS DO CEARA-CAGECE;SISTEMA DE ABASTECIMENTO DE AGUA;vlr_desembolsado;8582449.350000001;9392917.340000002
2026-06-25;Alterado;dados_origem;0520717;CE;JIJOCA DE JERICOACOARA/CE;CIA AGUAS E ESGOTOS DO CEARA-CAGECE;SISTEMA DE ABASTECIMENTO DE AGUA;mes_ultimo_desbloqueio;202602;202606
2026-06-25;Alterado;dados_origem;0520717;CE;JIJOCA DE JERICOACOARA/CE;CIA AGUAS E ESGOTOS DO CEARA-CAGECE;SISTEMA DE ABASTECIMENTO DE AGUA;dias_sem_bm;29;42
2026-06-25;Alterado;dados_origem;0520720;CE;JIJOCA DE JERICOACOARA/CE;CIA AGUAS E ESGOTOS DO CEARA-CAGECE;SISTEMA DE TRATAMENTO DE ESGOTO;dias_sem_bm;29;42
2026-06-25;Alterado;dados_origem;0521046;MG;ABAETÉ/MG;CIA DE SANEAMENTO DE MINAS GERAIS - COPASA;SISTEMA DE TRATAMENTO DE ESGOTO;dias_sem_bm;350;363
2026-06-25;Alterado;dados_origem;0521048;MG;CALDAS/MG;CIA DE SANEAMENTO DE MINAS GERAIS - COPASA;SISTEMA DE TRATAMENTO DE ESGOTO;pct_fisico;27.4;33.58
2026-06-25;Alterado;dados_origem;0521048;MG;CALDAS/MG;CIA DE SANEAMENTO DE MINAS GERAIS - COPASA;SISTEMA DE TRATAMENTO DE ESGOTO;vlr_contrapartida;1310970.54;6802640.19
2026-06-25;Alterado;dados_origem;0521048;MG;CALDAS/MG;CIA DE SANEAMENTO DE MINAS GERAIS - COPASA;SISTEMA DE TRATAMENTO DE ESGOTO;vlr_desembolsado;3444620.039999999;3821090.019999999
2026-06-25;Alterado;dados_origem;0521048;MG;CALDAS/MG;CIA DE SANEAMENTO DE MINAS GERAIS - COPASA;SISTEMA DE TRATAMENTO DE ESGOTO;mes_ultimo_desbloqueio;202602;202606
2026-06-25;Alterado;dados_origem;0521048;MG;CALDAS/MG;CIA DE SANEAMENTO DE MINAS GERAIS - COPASA;SISTEMA DE TRATAMENTO DE ESGOTO;dias_sem_bm;43;24
2026-06-25;Alterado;dados_origem;0521051;MG;IPUIÚNA/MG;CIA DE SANEAMENTO DE MINAS GERAIS - COPASA;SISTEMA DE TRATAMENTO DE ESGOTO;dias_sem_bm;224;237
2026-06-25;Alterado;dados_origem;0521053;MG;PATOS DE MINAS/MG;CIA DE SANEAMENTO DE MINAS GERAIS - COPASA;SISTEMA DE TRATAMENTO DE ESGOTO;pct_fisico;63.94;64.01
2026-06-25;Alterado;dados_origem;0521053;MG;PATOS DE MINAS/MG;CIA DE SANEAMENTO DE MINAS GERAIS - COPASA;SISTEMA DE TRATAMENTO DE ESGOTO;vlr_desembolsado;13181340.180000005;13194966.440000005
2026-06-25;Alterado;dados_origem;0521053;MG;PATOS DE MINAS/MG;CIA DE SANEAMENTO DE MINAS GERAIS - COPASA;SISTEMA DE TRATAMENTO DE ESGOTO;mes_ultimo_desbloqueio;202605;202606
2026-06-25;Alterado;dados_origem;0521053;MG;PATOS DE MINAS/MG;CIA DE SANEAMENTO DE MINAS GERAIS - COPASA;SISTEMA DE TRATAMENTO DE ESGOTO;dias_sem_bm;43;24
2026-06-25;Alterado;dados_origem;0521056;MG;UBÁ/MG;CIA DE SANEAMENTO DE MINAS GERAIS - COPASA;SISTEMA DE ABASTECIMENTO DE AGUA;pct_fisico;74.72;75.97
2026-06-25;Alterado;dados_origem;0521056;MG;UBÁ/MG;CIA DE SANEAMENTO DE MINAS GERAIS - COPASA;SISTEMA DE ABASTECIMENTO DE AGUA;vlr_desembolsado;23439031.19;23860388.23
2026-06-25;Alterado;dados_origem;0521056;MG;UBÁ/MG;CIA DE SANEAMENTO DE MINAS GERAIS - COPASA;SISTEMA DE ABASTECIMENTO DE AGUA;mes_ultimo_desbloqueio;202605;202606
2026-06-25;Alterado;dados_origem;0521056;MG;UBÁ/MG;CIA DE SANEAMENTO DE MINAS GERAIS - COPASA;SISTEMA DE ABASTECIMENTO DE AGUA;dias_sem_bm;43;24
2026-06-25;Alterado;dados_origem;0521210;PA;BELÉM/PA;ESTADO DO PARA;SISTEMA DE ABASTECIMENTO DE AGUA;dias_sem_bm;273;286
2026-06-25;Alterado;dados_origem;0521211;PA;BELÉM/PA;ESTADO DO PARA;SISTEMA DE ABASTECIMENTO DE AGUA;dias_sem_bm;67;80
2026-06-25;Alterado;dados_origem;0521259;RS;PORTO ALEGRE/RS;MUNICIPIO DE PORTO ALEGRE - RS;SISTEMA DE ABASTECIMENTO DE AGUA;dias_sem_bm;81;34
2026-06-25;Alterado;dados_origem;0521270;MS;CAMAPUÃ/MS;EMPRESA DE SANEAMENTO DE MATO GROSSO DO SUL - SANESUL;SISTEMA DE TRATAMENTO DE ESGOTO;vlr_desembolsado;8084201.39;8228776.85
2026-06-25;Alterado;dados_origem;0521270;MS;CAMAPUÃ/MS;EMPRESA DE SANEAMENTO DE MATO GROSSO DO SUL - SANESUL;SISTEMA DE TRATAMENTO DE ESGOTO;mes_ultimo_desbloqueio;202604;202606
2026-06-25;Alterado;dados_origem;0521270;MS;CAMAPUÃ/MS;EMPRESA DE SANEAMENTO DE MATO GROSSO DO SUL - SANESUL;SISTEMA DE TRATAMENTO DE ESGOTO;dias_sem_bm;57;70
2026-06-25;Alterado;dados_origem;0521283;MS;PEDRO GOMES/MS;EMPRESA DE SANEAMENTO DE MATO GROSSO DO SUL - SANESUL;SISTEMA DE TRATAMENTO DE ESGOTO;dias_sem_bm;65;78
2026-06-25;Alterado;dados_origem;0521287;PA;SANTARÉM/PA;ESTADO DO PARA;SISTEMA DE TRATAMENTO DE ESGOTO;dias_sem_bm;711;724
2026-06-25;Alterado;dados_origem;0521312;MS;MUNDO NOVO/MS;EMPRESA DE SANEAMENTO DE MATO GROSSO DO SUL - SANESUL;SISTEMA DE TRATAMENTO DE ESGOTO;dias_sem_bm;29;42
2026-06-25;Alterado;dados_origem;0521313;MS;MIRANDA/MS;EMPRESA DE SANEAMENTO DE MATO GROSSO DO SUL - SANESUL;SISTEMA DE TRATAMENTO DE ESGOTO;dias_sem_bm;57;70
2026-06-25;Alterado;dados_origem;0521448;MS;ITAPORÃ/MS;EMPRESA DE SANEAMENTO DE MATO GROSSO DO SUL - SANESUL;SISTEMA DE TRATAMENTO DE ESGOTO;dias_sem_bm;23;36
2026-06-25;Alterado;dados_origem;0521454;MS;CARACOL/MS;EMPRESA DE SANEAMENTO DE MATO GROSSO DO SUL - SANESUL;SISTEMA DE TRATAMENTO DE ESGOTO;dias_sem_bm;553;566
2026-06-25;Alterado;dados_origem;0521465;MS;CAARAPÓ/MS;EMPRESA DE SANEAMENTO DE MATO GROSSO DO SUL - SANESUL;SISTEMA DE TRATAMENTO DE ESGOTO;dias_sem_bm;23;36
2026-06-25;Alterado;dados_origem;0523173;SC;JOINVILLE/SC;COMPANHIA DE AGUAS DE JOINVILLE - SC;SISTEMA DE TRATAMENTO DE ESGOTO;dias_sem_bm;17;30
2026-06-25;Alterado;dados_origem;0526794;SP;CAMPINAS/SP;SOC ABASTECIMENTO AGUA E SANEAMENTO S/A -SANASA;SISTEMA DE TRATAMENTO DE ESGOTO;vlr_desembolsado;69942326.96999998;73792419.17999998
2026-06-25;Alterado;dados_origem;0526794;SP;CAMPINAS/SP;SOC ABASTECIMENTO AGUA E SANEAMENTO S/A -SANASA;SISTEMA DE TRATAMENTO DE ESGOTO;mes_ultimo_desbloqueio;202605;202606
2026-06-25;Alterado;dados_origem;0526794;SP;CAMPINAS/SP;SOC ABASTECIMENTO AGUA E SANEAMENTO S/A -SANASA;SISTEMA DE TRATAMENTO DE ESGOTO;dias_sem_bm;24;16
2026-06-25;Alterado;dados_origem;0529694;MG;ARAGUARI/MG;MUNICIPIO DE ARAGUARI - MG;MANEJO DE AGUAS PLUVIAIS;dias_sem_bm;59;72
2026-06-25;Alterado;dados_origem;0545457;SP;SÃO BERNARDO DO CAMPO/SP;MUNICIPIO DE SAO BERNARDO DO CAMPO - SP;TRANSPORTES;dias_sem_bm;44;57
2026-06-25;Alterado;dados_origem;0598638;PR;CASTRO/PR;CIA DE SANEAMENTO DO PARANA - SANEPAR - PR;SISTEMA DE TRATAMENTO DE ESGOTO;pct_fisico;87.54;87.73
2026-06-25;Alterado;dados_origem;0598638;PR;CASTRO/PR;CIA DE SANEAMENTO DO PARANA - SANEPAR - PR;SISTEMA DE TRATAMENTO DE ESGOTO;dias_sem_bm;4;17
2026-06-25;Alterado;dados_origem;0602201;PR;PALMAS/PR;CIA DE SANEAMENTO DO PARANA - SANEPAR - PR;SISTEMA DE TRATAMENTO DE ESGOTO;dias_sem_bm;248;261
2026-06-25;Alterado;dados_origem;0602204;PR;SANTO ANTÔNIO DA PLATINA/PR;CIA DE SANEAMENTO DO PARANA - SANEPAR - PR;SISTEMA DE TRATAMENTO DE ESGOTO;dias_sem_bm;35;48
2026-06-25;Alterado;dados_origem;1026241;MA;SAO LUIS/MA;SECRETARIA DE ESTADO DO ESPORTE;;dias_sem_bm;21;34
2026-06-25;Alterado;dados_origem;1044128;BA;SANTO AMARO/BA;MUNICIPIO DE SANTO AMARO - BA;;dias_sem_bm;38;51
2026-06-25;Alterado;dados_origem;1045977;SC;BRACO DO NORTE/SC;MUNICIPIO DE BRACO DO NORTE - SC;;situacao_obra;Obra Paralisada;Obra em andamento
2026-06-25;Alterado;dados_origem;1045977;SC;BRACO DO NORTE/SC;MUNICIPIO DE BRACO DO NORTE - SC;;pct_fisico;41.34;42.84
2026-06-25;Alterado;dados_origem;1045977;SC;BRACO DO NORTE/SC;MUNICIPIO DE BRACO DO NORTE - SC;;dias_sem_bm;91;14
2026-06-25;Alterado;dados_origem;1047342;SP;SANTOS/SP;MUNICIPIO DE SANTOS - SP;;situacao_obra;Obra Paralisada;Obra em andamento
2026-06-25;Alterado;dados_origem;1047342;SP;SANTOS/SP;MUNICIPIO DE SANTOS - SP;;pct_fisico;29.4;11.55
2026-06-25;Alterado;dados_origem;1047342;SP;SANTOS/SP;MUNICIPIO DE SANTOS - SP;;dias_sem_bm;518;8
2026-06-25;Alterado;dados_origem;1047342;SP;SANTOS/SP;MUNICIPIO DE SANTOS - SP;;motivo_paralisacao;Dificuldade técnica do Tomador;
2026-06-25;Alterado;dados_origem;1047342;SP;SANTOS/SP;MUNICIPIO DE SANTOS - SP;;detalhamento_motivo;Dificuldade para atender requisitos documentais para reprogramação;
2026-06-25;Alterado;dados_origem;1047342;SP;SANTOS/SP;MUNICIPIO DE SANTOS - SP;;principal_entrave;O orçamento está sendo reprogramado para adequar os quantitativos à obra que já foi executada.;
2026-06-25;Alterado;dados_origem;1047342;SP;SANTOS/SP;MUNICIPIO DE SANTOS - SP;;plano_acao;Sim;
2026-06-25;Alterado;dados_origem;1047342;SP;SANTOS/SP;MUNICIPIO DE SANTOS - SP;;previsao_retomada;2026-12-30;
2026-06-25;Alterado;dados_origem;1048437;SP;UBATUBA/SP;MUNICIPIO DE UBATUBA - SP;;dias_sem_bm;57;70
2026-06-25;Alterado;dados_origem;1061889;AC;TARAUACA/AC;MUNICIPIO DE TARAUACA - AC;;dias_sem_bm;385;398