"tipo_doc_suspensiva";"instrumento";"cod_saci";"proposta";"operacao";"recebedor";"uf";"municipio_beneficiado";"unidade_caixa";"programa";"valor_repasse";"situacao_da_analise";"doc_titularidade";"doc_viabilidade_terreno";"doc_sondagem";"doc_orcamento";"doc_projetos_implantacao";"doc_projetos_complementares";"doc_ambiental";"doc_vigilancia_sanitaria";"doc_bombeiros";"doc_trabalho_social";"dt_atualizacao";"consta_base_pc32"
"Documentos apresentados";"967094";"1-1992135";"175532024";"1096978";"SECRETARIA ESTADO DE ASSIST SOCIAL TRABALHO EMPREGO E RENDA";"PA";"MELGACO";"GIGOV/BE";"novo pac - água para quem mais precisa - abastecimento de água em áreas rurais";"3260484.34";"Analisada com pendências";"";"";"";"";"";"";"";"";"";"";"24/06/2026";"SIM"
"Documentos apresentados";"967093";"1-1992116";"175542024";"1096979";"SECRETARIA ESTADO DE ASSIST SOCIAL TRABALHO EMPREGO E RENDA";"PA";"MOCAJUBA";"GIGOV/BE";"novo pac - água para quem mais precisa - abastecimento de água em áreas rurais";"3382308.16";"Analisada com pendências";"";"";"";"";"";"";"";"";"";"";"24/06/2026";"SIM"
"Documentos apresentados";"968982";"1-2013802";"270302024";"1098276";"ESTADO DO PARA";"PA";"ANANINDEUA";"GIGOV/BE";"novo pac - água para todos - abastecimento de água - rp3";"23501277.07";"Analisada com pendências";"";"";"";"";"";"";"";"";"";"";"24/06/2026";"SIM"
"Documentos apresentados";"970212";"1-2030948";"342492024";"1098974";"MUNICIPIO DE AGUDO - RS";"RS";"AGUDO";"GIGOV/SM";"mcmv - fnhis - calamidade no estado do rio grande do sul";"7050000.0";"Analisada com pendências";"Não Apresentado";"";"Não Apresentado";"Não Apresentado";"Não Apresentado";"Não Apresentado";"Não Apresentado";"Não se aplica";"Não se aplica";"Não Apresentado";"24/06/2026";"NÃO"
"Documentos apresentados";"970244";"1-2032017";"342662024";"1098988";"MUNICIPIO DE RESTINGA SECA - RS";"RS";"RESTINGA SECA";"GIGOV/SM";"mcmv - fnhis - calamidade no estado do rio grande do sul";"3750000.0";"Analisada com pendências";"";"";"";"";"";"";"";"";"";"Não Apresentado";"24/06/2026";"NÃO"
"Documentos apresentados";"970213";"1-2031772";"342512024";"1098976";"MUNICIPIO DE ARROIO DO TIGRE - RS";"RS";"ARROIO DO TIGRE";"GIGOV/SM";"mcmv - fnhis - calamidade no estado do rio grande do sul";"7500000.0";"Analisada com pendências";"Não Apresentado";"Vistoria não realizada";"Não Apresentado";"Não Apresentado";"Não Apresentado";"Não Apresentado";"Não Apresentado";"Não se aplica";"Não se aplica";"Não Apresentado";"24/06/2026";"NÃO"
"Documentos apresentados";"970235";"1-2032560";"342692024";"1098991";"MUNICIPIO DE SAO LEOPOLDO - RS";"RS";"SAO LEOPOLDO";"REGOV/NH";"mcmv - fnhis - calamidade no estado do rio grande do sul";"4500000.0";"Analisada com pendências";"";"";"";"";"";"";"";"";"";"Não Apresentado";"24/06/2026";"NÃO"
"Documentos apresentados";"970217";"1-2031583";"342552024";"1098979";"MUNICIPIO DE CERRO BRANCO - RS";"RS";"CERRO BRANCO";"GIGOV/SM";"mcmv - fnhis - calamidade no estado do rio grande do sul";"6000000.0";"Analisada com pendências";"Não Apresentado";"Vistoria não realizada";"Não Apresentado";"Não Apresentado";"Não Apresentado";"Não Apresentado";"Não Apresentado";"Não se aplica";"Não se aplica";"Não Apresentado";"24/06/2026";"NÃO"
"Documentos apresentados";"970630";"1-2033759";"348302024";"1099267";"MUNICIPIO DE PORTO ALEGRE - RS";"RS";"PORTO ALEGRE";"GIGOV/PO";"mcmv - fnhis - calamidade no estado do rio grande do sul";"31350000.0";"Analisada com pendências";"";"";"";"";"";"";"";"";"";"";"24/06/2026";"NÃO"
"Documentos apresentados";"973981";"1-2032702";"341172024";"1099476";"MUNICIPIO DE CRISTINO CASTRO - PI";"PI";"CRISTINO CASTRO";"GIGOV/TE";"novo pac - cidades sustentáveis e resilientes - subeixo gestão de resíduos sólidos";"2894624.0";"Analisada com pendências";"";"";"";"";"";"";"";"";"";"";"24/06/2026";"SIM"
"Documentos apresentados";"974015";"1-2033172";"340682024";"1099468";"CONSORCIO INTERM DESENVOLVIM SUST MICROREG SERRA GERAL MINAS";"MG";"JANAUBA";"REGOV/MO";"novo pac - cidades sustentáveis e resilientes - subeixo gestão de resíduos sólidos";"9364174.8";"Analisada com pendências";"";"";"";"";"";"";"";"";"";"";"24/06/2026";"SIM"
"Documentos apresentados";"970220";"1-2030947";"342582024";"1098982";"MUNICIPIO DE FAXINAL DO SOTURNO - RS";"RS";"FAXINAL DO SOTURNO";"GIGOV/SM";"mcmv - fnhis - calamidade no estado do rio grande do sul";"7500000.0";"Analisada com pendências";"";"";"";"";"";"";"";"";"";"Não Apresentado";"24/06/2026";"NÃO"
"Documentos apresentados";"970608";"1-2033274";"348252024";"1099116";"MUNICIPIO DE CANOAS - RS";"RS";"CANOAS";"REGOV/NH";"mcmv - fnhis - calamidade no estado do rio grande do sul";"31500000.0";"Analisada com pendências";"";"";"";"";"";"";"";"";"";"";"24/06/2026";"NÃO"
"Documentos apresentados";"970628";"1-2033301";"348282024";"1099266";"MUNICIPIO DE ELDORADO DO SUL - RS";"RS";"ELDORADO DO SUL";"GIGOV/PO";"mcmv - fnhis - calamidade no estado do rio grande do sul";"15000000.0";"Analisada com pendências";"Não Apresentado";"Vistoria não realizada";"Não Apresentado";"Não Apresentado";"Não Apresentado";"Não Apresentado";"Não Apresentado";"Não se aplica";"Não Apresentado";"";"24/06/2026";"NÃO"
"Documentos apresentados";"970615";"1-2033105";"348312024";"1099120";"MUNICIPIO DE ENCRUZILHADA DO SUL - RS";"RS";"ENCRUZILHADA DO SUL";"GIGOV/SM";"mcmv - fnhis - calamidade no estado do rio grande do sul";"3900000.0";"Analisada com pendências";"Não Apresentado";"Vistoria não realizada";"Não Apresentado";"Não Apresentado";"Não Apresentado";"Não Apresentado";"Não Apresentado";"Não se aplica";"Não se aplica";"Não Apresentado";"24/06/2026";"NÃO"
"Documentos apresentados";"970236";"1-2031079";"342712024";"1098993";"MUNICIPIO DE TAPES - RS";"RS";"TAPES";"GIGOV/PO";"mcmv - fnhis - calamidade no estado do rio grande do sul";"6900000.0";"Analisada com pendências";"Não Apresentado";"Vistoria não realizada";"Não Apresentado";"Não Apresentado";"Não Apresentado";"Não Apresentado";"Não Apresentado";"Não Apresentado";"Não Apresentado";"Dispensado para próxima fase";"24/06/2026";"NÃO"
"Documentos apresentados";"973982";"1-2033245";"341182024";"1099615";"SECRETARIA DE ESTADO DE DESENVOLVIMENTO URBANO E METROPOLITA";"AM";"IRANDUBA";"GIGOV/MN";"novo pac - cidades sustentáveis e resilientes - subeixo gestão de resíduos sólidos";"3968314.0";"Analisada com pendências";"";"";"";"";"";"";"";"";"";"";"24/06/2026";"SIM"
"Documentos apresentados";"974019";"1-2032852";"340822024";"1099387";"CONSORCIO INTERM DES DAS BACIAS DOS RIOS URUCUIA E CARINHANH";"MG";"ARINOS";"GIGOV/BR";"novo pac - cidades sustentáveis e resilientes - subeixo gestão de resíduos sólidos";"31236268.0";"Analisada com pendências";"";"";"";"";"";"";"";"";"";"";"24/06/2026";"SIM"
"Documentos apresentados";"973931";"1-2032976";"340592024";"1099876";"ESTADO DA BAHIA";"BA";"BARREIRAS";"GIGOV/SA";"novo pac - cidades sustentáveis e resilientes - subeixo gestão de resíduos sólidos";"2730026.0";"Analisada com pendências";"";"";"";"";"";"";"";"";"";"";"24/06/2026";"SIM"
"Documentos apresentados";"973966";"1-2033125";"340992024";"1099696";"ESTADO DA BAHIA";"BA";"SALVADOR";"GIGOV/SA";"novo pac - cidades sustentáveis e resilientes - subeixo gestão de resíduos sólidos";"25675694.0";"Analisada com pendências";"";"";"";"";"";"";"";"";"";"";"24/06/2026";"SIM"
"Documentos apresentados";"973943";"1-2033475";"340712024";"1099682";"ESTADO DO MARANHAO";"MA";"SAO LUIS";"GIGOV/SL";"novo pac - cidades sustentáveis e resilientes - subeixo gestão de resíduos sólidos";"30809323.0";"Analisada com pendências";"";"";"";"";"";"";"";"";"";"";"24/06/2026";"SIM"
"Documentos apresentados";"974913";"1-2015275";"268002024";"1099896";"MUNICIPIO DE NITEROI - RJ";"RJ";"NITEROI";"GIGOV/NT";"novo pac - mobilidade urbana sustentável: mobilidade grandes e médias cidades";"273229462.0";"Analisada com pendências";"";"";"";"";"";"";"";"";"";"";"24/06/2026";"SIM"
"Documentos apresentados";"978009";"";"365392025";"1101370";"MUNICIPIO DE IPIAU - BA";"BA";"IPIAU";"GIGOV/VC";"novo pac - creches e pré-escolas de educação infantil";"3515665.9";"Analisada com pendências";"";"";"";"";"";"";"";"";"";"";"24/06/2026";"NÃO"
"Documentos apresentados";"977980";"";"366302025";"1101405";"MUNICIPIO DE TRINDADE - GO";"GO";"TRINDADE";"GIGOV/GO";"novo pac - creches e pré-escolas de educação infantil";"3416059.5";"Analisada com pendências";"";"";"";"";"";"";"";"";"";"";"24/06/2026";"NÃO"
"Documentos apresentados";"977893";"";"369302025";"1101346";"MUNICIPIO DE SANTANA DO LIVRAMENTO - RS";"RS";"SANT' ANA DO LIVRAMENTO";"GIGOV/SM";"novo pac - creches e pré-escolas de educação infantil";"3599938.53";"Analisada com pendências";"";"";"";"";"";"";"";"";"";"";"24/06/2026";"NÃO"
"Documentos apresentados";"977979";"";"364892025";"1101357";"MUNICIPIO DE ATALAIA DO NORTE - AM";"AM";"ATALAIA DO NORTE";"GIGOV/MN";"novo pac - creches e pré-escolas de educação infantil";"3661975.54";"Analisada com pendências";"";"";"";"";"";"";"";"";"";"";"24/06/2026";"NÃO"
"Documentos apresentados";"977961";"";"367752025";"1101467";"MUNICIPIO DE CATENDE - PE";"PE";"CATENDE";"GIGOV/CA";"novo pac - creches e pré-escolas de educação infantil";"3406872.2";"Analisada com pendências";"";"";"";"";"";"";"";"";"";"";"24/06/2026";"NÃO"
"Documentos apresentados";"978078";"";"368642025";"1101501";"MUNICIPIO DE PARACAMBI - RJ";"RJ";"PARACAMBI";"REGOV/VR";"novo pac - creches e pré-escolas de educação infantil";"3883482.37";"Analisada com pendências";"";"";"";"";"";"";"";"";"";"";"24/06/2026";"NÃO"
"Documentos apresentados";"977911";"";"368962025";"1101338";"MUNICIPIO DE CHUPINGUAIA - RO";"RO";"CHUPINGUAIA";"GIGOV/PV";"novo pac - creches e pré-escolas de educação infantil";"3975325.88";"Analisada com pendências";"";"";"";"";"";"";"";"";"";"";"24/06/2026";"NÃO"
"Documentos apresentados";"979166";"";"365992025";"1101756";"MUNICIPIO DE MARILANDIA - ES";"ES";"MARILANDIA";"GIGOV/VT";"novo pac - creches e pré-escolas de educação infantil";"3473808.73";"Analisada com pendências";"";"";"";"";"";"";"";"";"";"";"24/06/2026";"NÃO"
"Documentos apresentados";"979205";"";"366682025";"1101780";"MUNICIPIO DE ATALEIA - MG";"MG";"ATALEIA";"GIGOV/GV";"novo pac - creches e pré-escolas de educação infantil";"3504118.19";"Analisada com pendências";"";"";"";"";"";"";"";"";"";"";"24/06/2026";"NÃO"
"Documentos apresentados";"979164";"";"364802025";"1101699";"MUNICIPIO DE OLHO D'AGUA DO CASADO - AL";"AL";"OLHO D'AGUA DO CASADO";"GIGOV/ME";"novo pac - creches e pré-escolas de educação infantil";"3382576.25";"Analisada com pendências";"";"";"";"";"";"";"";"";"";"";"24/06/2026";"NÃO"
"Documentos apresentados";"977991";"";"366102025";"1101395";"MUNICIPIO DE CALDAS NOVAS - GO";"GO";"CALDAS NOVAS";"GIGOV/GO";"novo pac - creches e pré-escolas de educação infantil";"3416059.5";"Analisada com pendências";"";"";"";"";"";"";"";"";"";"";"24/06/2026";"NÃO"
"Documentos apresentados";"977947";"";"364722025";"1101353";"MUNICIPIO DE MANCIO LIMA - AC";"AC";"MANCIO LIMA";"GIGOV/RB";"novo pac - creches e pré-escolas de educação infantil";"3971521.52";"Analisada com pendências";"";"";"";"";"";"";"";"";"";"";"24/06/2026";"NÃO"
"Documentos apresentados";"979268";"";"367632025";"1101838";"MUNICIPIO DE JOAO PESSOA - PB";"PB";"JOAO PESSOA";"GIGOV/JP";"novo pac - creches e pré-escolas de educação infantil";"3193331.14";"Analisada com pendências";"";"";"";"";"";"";"";"";"";"";"24/06/2026";"NÃO"
"Documentos apresentados";"979271";"";"367652025";"1101840";"MUNICIPIO DE SANTA RITA - PB";"PB";"SANTA RITA";"GIGOV/JP";"novo pac - creches e pré-escolas de educação infantil";"3193331.14";"Analisada com pendências";"";"";"";"";"";"";"";"";"";"";"24/06/2026";"NÃO"
"Documentos apresentados";"977999";"";"365832025";"1101384";"MUNICIPIO DE ITAPIPOCA - CE";"CE";"ITAPIPOCA";"GIGOV/FO";"novo pac - creches e pré-escolas de educação infantil";"3365787.15";"Analisada com pendências";"";"";"";"";"";"";"";"";"";"";"24/06/2026";"NÃO"
"Documentos apresentados";"978049";"";"367362025";"1101458";"MUNICIPIO DE MELGACO - PA";"PA";"MELGACO";"GIGOV/BE";"novo pac - creches e pré-escolas de educação infantil";"3566197.85";"Analisada com pendências";"";"";"";"";"";"";"";"";"";"";"24/06/2026";"NÃO"
"Documentos apresentados";"979149";"";"364752025";"1101694";"MUNICIPIO DE CAMPO GRANDE - AL";"AL";"CAMPO GRANDE";"GIGOV/ME";"novo pac - creches e pré-escolas de educação infantil";"3382576.25";"Analisada com pendências";"";"";"";"";"";"";"";"";"";"";"24/06/2026";"NÃO"
"Documentos apresentados";"979379";"";"365012025";"1101715";"MUNICIPIO DE MANAUS - AM";"AM";"MANAUS";"GIGOV/MN";"novo pac - creches e pré-escolas de educação infantil";"3661975.54";"Analisada com pendências";"";"";"";"";"";"";"";"";"";"";"24/06/2026";"NÃO"
"Documentos apresentados";"979289";"";"368132025";"1101863";"MUNICIPIO DE TERESINA - PI";"PI";"TERESINA";"GIGOV/TE";"novo pac - creches e pré-escolas de educação infantil";"3378842.37";"Analisada com pendências";"";"";"";"";"";"";"";"";"";"";"24/06/2026";"NÃO"
"Documentos apresentados";"979316";"";"368622025";"1101895";"MUNICIPIO DE MARICA _ RJ";"RJ";"MARICA";"GIGOV/NT";"novo pac - creches e pré-escolas de educação infantil";"3883482.37";"Analisada com pendências";"";"";"";"";"";"";"";"";"";"";"24/06/2026";"NÃO"
"Documentos apresentados";"979377";"";"364992025";"1101714";"MUNICIPIO DE JURUA - AM";"AM";"JURUA";"GIGOV/MN";"novo pac - creches e pré-escolas de educação infantil";"3661975.54";"Analisada com pendências";"";"";"";"";"";"";"";"";"";"";"24/06/2026";"NÃO"
"Documentos apresentados";"979283";"";"367982025";"1101857";"MUNICIPIO DE SALGUEIRO - PE";"PE";"SALGUEIRO";"REGOV/LI";"novo pac - creches e pré-escolas de educação infantil";"3406872.2";"Analisada com pendências";"";"";"";"";"";"";"";"";"";"";"24/06/2026";"NÃO"
"Documentos apresentados";"977903";"";"368852025";"1101506";"MUNICIPIO DE CURRAIS NOVOS - RN";"RN";"CURRAIS NOVOS";"GIGOV/NA";"novo pac - creches e pré-escolas de educação infantil";"3317759.96";"Analisada com pendências";"";"";"";"";"";"";"";"";"";"";"24/06/2026";"NÃO"
"Documentos apresentados";"979214";"";"365982025";"1101755";"MUNICIPIO DE JAGUARE - ES";"ES";"JAGUARE";"GIGOV/VT";"novo pac - creches e pré-escolas de educação infantil";"3473808.73";"Analisada com pendências";"";"";"";"";"";"";"";"";"";"";"24/06/2026";"NÃO"
"Documentos apresentados";"977889";"";"369682025";"1101350";"MUNICIPIO DE SAO ROQUE - SP";"SP";"SAO ROQUE";"GIGOV/SO";"novo pac - creches e pré-escolas de educação infantil";"3772287.11";"Analisada com pendências";"";"";"";"";"";"";"";"";"";"";"24/06/2026";"NÃO"
"Documentos apresentados";"979383";"";"365032025";"1101717";"MUNICIPIO DE MANAUS - AM";"AM";"MANAUS";"GIGOV/MN";"novo pac - creches e pré-escolas de educação infantil";"3661975.54";"Analisada com pendências";"";"";"";"";"";"";"";"";"";"";"24/06/2026";"NÃO"
"Documentos apresentados";"979330";"";"366982025";"1101794";"MUNICIPIO DE TEOFILO OTONI - MG";"MG";"TEOFILO OTONI";"GIGOV/GV";"novo pac - creches e pré-escolas de educação infantil";"3504118.19";"Analisada com pendências";"";"";"";"";"";"";"";"";"";"";"24/06/2026";"NÃO"
"Documentos apresentados";"977895";"";"369132025";"1101344";"MUNICIPIO DE CANGUCU - RS";"RS";"CANGUCU";"REGOV/PL";"novo pac - creches e pré-escolas de educação infantil";"3599938.53";"Analisada com pendências";"";"";"";"";"";"";"";"";"";"";"24/06/2026";"NÃO"
"Documentos apresentados";"978068";"";"369612025";"1101514";"MUNICIPIO DE MAUA - SP";"SP";"MAUA";"GIGOV/SD";"novo pac - creches e pré-escolas de educação infantil";"3772287.11";"Analisada com pendências";"";"";"";"";"";"";"";"";"";"";"24/06/2026";"NÃO"
"Documentos apresentados";"979158";"";"364762025";"1101695";"MUNICIPIO DE MACEIO - AL";"AL";"MACEIO";"GIGOV/ME";"novo pac - creches e pré-escolas de educação infantil";"3382576.25";"Analisada com pendências";"";"";"";"";"";"";"";"";"";"";"24/06/2026";"NÃO"
"Documentos apresentados";"979184";"";"366282025";"1101768";"MUNICIPIO DE PIRES DO RIO - GO";"GO";"PIRES DO RIO";"GIGOV/GO";"novo pac - creches e pré-escolas de educação infantil";"3416059.5";"Analisada com pendências";"";"";"";"";"";"";"";"";"";"";"24/06/2026";"NÃO"
"Documentos apresentados";"978040";"";"366622025";"1101426";"MUNICIPIO DE ALMENARA - MG";"MG";"ALMENARA";"REGOV/MO";"novo pac - creches e pré-escolas de educação infantil";"3504118.19";"Analisada com pendências";"";"";"";"";"";"";"";"";"";"";"24/06/2026";"NÃO"
"Documentos apresentados";"978030";"";"366692025";"1101431";"MUNICIPIO DE BANDEIRA - MG";"MG";"BANDEIRA";"REGOV/MO";"novo pac - creches e pré-escolas de educação infantil";"3504118.19";"Analisada com pendências";"";"";"";"";"";"";"";"";"";"";"24/06/2026";"NÃO"
"Documentos apresentados";"979356";"";"364912025";"1101707";"MUNICIPIO DE CAAPIRANGA - AM";"AM";"CAAPIRANGA";"GIGOV/MN";"novo pac - creches e pré-escolas de educação infantil";"3661975.54";"Analisada com pendências";"";"";"";"";"";"";"";"";"";"";"24/06/2026";"NÃO"
"Documentos apresentados";"979292";"";"368162025";"1101866";"MUNICIPIO DE TERESINA - PI";"PI";"TERESINA";"GIGOV/TE";"novo pac - creches e pré-escolas de educação infantil";"3378842.37";"Analisada com pendências";"";"";"";"";"";"";"";"";"";"";"24/06/2026";"NÃO"
"Documentos apresentados";"977996";"";"366012025";"1101388";"MUNICIPIO DE SOORETAMA - ES";"ES";"SOORETAMA";"GIGOV/VT";"novo pac - creches e pré-escolas de educação infantil";"3473808.73";"Analisada com pendências";"";"";"";"";"";"";"";"";"";"";"24/06/2026";"NÃO"
"Documentos apresentados";"979320";"";"369182025";"1101930";"MUNICIPIO DE ITAARA - RS";"RS";"ITAARA";"GIGOV/SM";"novo pac - creches e pré-escolas de educação infantil";"3599938.53";"Analisada com pendências";"";"";"";"";"";"";"";"";"";"";"24/06/2026";"NÃO"
"Documentos apresentados";"978013";"";"365192025";"1101364";"MUNICIPIO DE OIAPOQUE - AP";"AP";"OIAPOQUE";"GIGOV/MC";"novo pac - creches e pré-escolas de educação infantil";"3455826.15";"Analisada com pendências";"";"";"";"";"";"";"";"";"";"";"24/06/2026";"NÃO"
"Documentos apresentados";"977968";"";"367372025";"1101459";"MUNICIPIO DE MONTE ALEGRE - PA";"PA";"MONTE ALEGRE";"REGOV/TR";"novo pac - creches e pré-escolas de educação infantil";"3566197.85";"Analisada com pendências";"";"";"";"";"";"";"";"";"";"";"24/06/2026";"NÃO"
"Documentos apresentados";"979381";"";"365022025";"1101716";"MUNICIPIO DE MANAUS - AM";"AM";"MANAUS";"GIGOV/MN";"novo pac - creches e pré-escolas de educação infantil";"3661975.54";"Analisada com pendências";"";"";"";"";"";"";"";"";"";"";"24/06/2026";"NÃO"
"Documentos apresentados";"977957";"";"367822025";"1101473";"MUNICIPIO DE IPUBI - PE";"PE";"IPUBI";"REGOV/LI";"novo pac - creches e pré-escolas de educação infantil";"3406872.2";"Analisada com pendências";"";"";"";"";"";"";"";"";"";"";"24/06/2026";"NÃO"
"Documentos apresentados";"979264";"";"367602025";"1101835";"MUNICIPIO DE JOAO PESSOA - PB";"PB";"JOAO PESSOA";"GIGOV/JP";"novo pac - creches e pré-escolas de educação infantil";"3193331.14";"Analisada com pendências";"";"";"";"";"";"";"";"";"";"";"24/06/2026";"NÃO"
"Documentos apresentados";"979312";"";"368572025";"1101891";"MUNICIPIO DE DUQUE DE CAXIAS - RJ";"RJ";"DUQUE DE CAXIAS";"GIGOV/RJ";"novo pac - creches e pré-escolas de educação infantil";"3883482.37";"Analisada com pendências";"";"";"";"";"";"";"";"";"";"";"24/06/2026";"NÃO"
"Documentos apresentados";"979161";"";"364772025";"1101696";"MUNICIPIO DE MACEIO - AL";"AL";"MACEIO";"GIGOV/ME";"novo pac - creches e pré-escolas de educação infantil";"3382576.25";"Analisada com pendências";"";"";"";"";"";"";"";"";"";"";"24/06/2026";"NÃO"
"Documentos apresentados";"979212";"";"365972025";"1101754";"MUNICIPIO DE GUARAPARI - ES";"ES";"GUARAPARI";"GIGOV/VT";"novo pac - creches e pré-escolas de educação infantil";"3473808.73";"Analisada com pendências";"";"";"";"";"";"";"";"";"";"";"24/06/2026";"NÃO"
"Documentos apresentados";"979165";"";"364782025";"1101697";"MUNICIPIO DE MACEIO - AL";"AL";"MACEIO";"GIGOV/ME";"novo pac - creches e pré-escolas de educação infantil";"3382576.25";"Analisada com pendências";"";"";"";"";"";"";"";"";"";"";"24/06/2026";"NÃO"
"Documentos apresentados";"979159";"";"364792025";"1101698";"MUNICIPIO DE MATA GRANDE - AL";"AL";"MATA GRANDE";"GIGOV/ME";"novo pac - creches e pré-escolas de educação infantil";"3382576.25";"Analisada com pendências";"";"";"";"";"";"";"";"";"";"";"24/06/2026";"NÃO"
"Documentos apresentados";"977984";"";"366272025";"1101403";"MUNICIPIO DE MORRINHOS - GO";"GO";"MORRINHOS";"GIGOV/GO";"novo pac - creches e pré-escolas de educação infantil";"3416059.5";"Analisada com pendências";"";"";"";"";"";"";"";"";"";"";"24/06/2026";"NÃO"
"Documentos apresentados";"979343";"";"367952025";"1101854";"MUNICIPIO DE RECIFE - PE";"PE";"RECIFE";"GIGOV/RE";"novo pac - creches e pré-escolas de educação infantil";"3406872.2";"Analisada com pendências";"";"";"";"";"";"";"";"";"";"";"24/06/2026";"NÃO"
"Documentos apresentados";"979236";"";"367092025";"1101801";"MUNICIPIO DE CUIABA - MT";"MT";"CUIABA";"GIGOV/CB";"novo pac - creches e pré-escolas de educação infantil";"3412855.44";"Analisada com pendências";"";"";"";"";"";"";"";"";"";"";"24/06/2026";"NÃO"
"Documentos apresentados";"979235";"";"367082025";"1101800";"MUNICIPIO DE CUIABA - MT";"MT";"CUIABA";"GIGOV/CB";"novo pac - creches e pré-escolas de educação infantil";"3412855.44";"Analisada com pendências";"";"";"";"";"";"";"";"";"";"";"24/06/2026";"NÃO"
"Documentos apresentados";"979249";"";"369002025";"1101918";"MUNICIPIO DE PORTO VELHO - RO";"RO";"PORTO VELHO";"GIGOV/PV";"novo pac - creches e pré-escolas de educação infantil";"3975325.88";"Analisada com pendências";"";"";"";"";"";"";"";"";"";"";"24/06/2026";"NÃO"
"Documentos apresentados";"978081";"";"368612025";"1101499";"MUNICIPIO DE MANGARATIBA";"RJ";"MANGARATIBA";"REGOV/VR";"novo pac - creches e pré-escolas de educação infantil";"3883482.37";"Analisada com pendências";"";"";"";"";"";"";"";"";"";"";"24/06/2026";"NÃO"
"Documentos apresentados";"979147";"";"364712025";"1101693";"MUNICIPIO DE JORDAO - AC";"AC";"JORDAO";"GIGOV/RB";"novo pac - creches e pré-escolas de educação infantil";"3971521.52";"Analisada com pendências";"";"";"";"";"";"";"";"";"";"";"24/06/2026";"NÃO"
"Documentos apresentados";"979187";"";"368872025";"1101912";"MUNICIPIO DE JANDAIRA - RN";"RN";"JANDAIRA";"GIGOV/NA";"novo pac - creches e pré-escolas de educação infantil";"3317759.96";"Analisada com pendências";"";"";"";"";"";"";"";"";"";"";"24/06/2026";"NÃO"
"Documentos apresentados";"979291";"";"368152025";"1101865";"MUNICIPIO DE TERESINA - PI";"PI";"TERESINA";"GIGOV/TE";"novo pac - creches e pré-escolas de educação infantil";"3378842.37";"Analisada com pendências";"";"";"";"";"";"";"";"";"";"";"24/06/2026";"NÃO"
"Documentos apresentados";"979219";"";"366902025";"1101790";"MUNICIPIO DE RIACHO DOS MACHADOS - MG";"MG";"RIACHO DOS MACHADOS";"REGOV/MO";"novo pac - creches e pré-escolas de educação infantil";"3504118.19";"Analisada com pendências";"";"";"";"";"";"";"";"";"";"";"24/06/2026";"NÃO"
"Documentos apresentados";"979353";"";"368672025";"1101898";"MUNICIPIO DE PETROPOLIS - RJ";"RJ";"PETROPOLIS";"GIGOV/NT";"novo pac - creches e pré-escolas de educação infantil";"3883482.37";"Analisada com pendências";"";"";"";"";"";"";"";"";"";"";"24/06/2026";"NÃO"
"Documentos apresentados";"979470";"";"367432025";"1101821";"MUNICIPIO DE PARAGOMINAS - PA";"PA";"PARAGOMINAS";"GIGOV/BE";"novo pac - creches e pré-escolas de educação infantil";"3566197.85";"Analisada com pendências";"";"";"";"";"";"";"";"";"";"";"24/06/2026";"NÃO"
"Documentos apresentados";"979237";"";"367102025";"1101802";"MUNICIPIO DE CUIABA - MT";"MT";"CUIABA";"GIGOV/CB";"novo pac - creches e pré-escolas de educação infantil";"3412855.44";"Analisada com pendências";"";"";"";"";"";"";"";"";"";"";"24/06/2026";"NÃO"
"Documentos apresentados";"979355";"";"368752025";"1101905";"MUNICIPIO DE SAO JOAO DA BARRA - RJ";"RJ";"SAO JOAO DA BARRA";"REGOV/CM";"novo pac - creches e pré-escolas de educação infantil";"3883482.37";"Analisada com pendências";"";"";"";"";"";"";"";"";"";"";"24/06/2026";"NÃO"
"Documentos apresentados";"979328";"";"369262025";"1101937";"MUNICIPIO DE PORTO ALEGRE - RS";"RS";"PORTO ALEGRE";"GIGOV/PO";"novo pac - creches e pré-escolas de educação infantil";"3599938.53";"Analisada com pendências";"";"";"";"";"";"";"";"";"";"";"24/06/2026";"NÃO"
"Documentos apresentados";"979344";"";"369322025";"1101940";"MUNICIPIO DE SAO BORJA - RS";"RS";"SAO BORJA";"GIGOV/SM";"novo pac - creches e pré-escolas de educação infantil";"3599938.52";"Analisada com pendências";"";"";"";"";"";"";"";"";"";"";"24/06/2026";"NÃO"
"Documentos apresentados";"979369";"";"369622025";"1101963";"MUNICIPIO DE MONTE MOR - SP";"SP";"MONTE MOR";"GIGOV/CP";"novo pac - creches e pré-escolas de educação infantil";"3772287.11";"Analisada com pendências";"";"";"";"";"";"";"";"";"";"";"24/06/2026";"NÃO"
"Documentos apresentados";"979294";"";"368212025";"1101869";"MUNICIPIO DE CAMPINA DA LAGOA - PR";"PR";"CAMPINA DA LAGOA";"GIGOV/MR";"novo pac - creches e pré-escolas de educação infantil";"3686183.05";"Analisada com pendências";"";"";"";"";"";"";"";"";"";"";"24/06/2026";"NÃO"
"Documentos apresentados";"979324";"";"369232025";"1101934";"MUNICIPIO DE PORTO ALEGRE - RS";"RS";"PORTO ALEGRE";"GIGOV/PO";"novo pac - creches e pré-escolas de educação infantil";"3599938.53";"Analisada com pendências";"";"";"";"";"";"";"";"";"";"";"24/06/2026";"NÃO"
"Documentos apresentados";"978032";"";"366072025";"1101392";"MUNICIPIO DE BELA VISTA DE GOIAS - GO";"GO";"BELA VISTA DE GOIAS";"GIGOV/GO";"novo pac - creches e pré-escolas de educação infantil";"3416059.5";"Analisada com pendências";"";"";"";"";"";"";"";"";"";"";"24/06/2026";"NÃO"
"Documentos apresentados";"977987";"";"366202025";"1101399";"MUNICIPIO DE GOIANIRA - GO";"GO";"GOIANIRA";"GIGOV/GO";"novo pac - creches e pré-escolas de educação infantil";"3416059.5";"Analisada com pendências";"";"";"";"";"";"";"";"";"";"";"24/06/2026";"NÃO"
"Documentos apresentados";"979250";"";"369012025";"1101919";"MUNICIPIO DE PORTO VELHO - RO";"RO";"PORTO VELHO";"GIGOV/PV";"novo pac - creches e pré-escolas de educação infantil";"3975325.88";"Analisada com pendências";"";"";"";"";"";"";"";"";"";"";"24/06/2026";"NÃO"
"Documentos apresentados";"979385";"";"369492025";"1101953";"MUNICIPIO DE ESTANCIA - SE";"SE";"ESTANCIA";"GIGOV/AJ";"novo pac - creches e pré-escolas de educação infantil";"3326491.5";"Analisada com pendências";"";"";"";"";"";"";"";"";"";"";"24/06/2026";"NÃO"
"Documentos apresentados";"979351";"";"369332025";"1101941";"MUNICIPIO DE SAO GABRIEL - RS";"RS";"SAO GABRIEL";"GIGOV/SM";"novo pac - creches e pré-escolas de educação infantil";"3599938.53";"Analisada com pendências";"";"";"";"";"";"";"";"";"";"";"24/06/2026";"NÃO"
"Documentos apresentados";"979267";"";"367622025";"1101837";"MUNICIPIO DE JOAO PESSOA - PB";"PB";"JOAO PESSOA";"GIGOV/JP";"novo pac - creches e pré-escolas de educação infantil";"3193331.14";"Analisada com pendências";"";"";"";"";"";"";"";"";"";"";"24/06/2026";"NÃO"
"Documentos apresentados";"979341";"";"367942025";"1101853";"MUNICIPIO DE RECIFE - PE";"PE";"RECIFE";"GIGOV/RE";"novo pac - creches e pré-escolas de educação infantil";"3406872.2";"Analisada com pendências";"";"";"";"";"";"";"";"";"";"";"24/06/2026";"NÃO"
"Documentos apresentados";"979303";"";"368382025";"1101881";"MUNICIPIO DE PINHAIS - PR";"PR";"PINHAIS";"GIGOV/CT";"novo pac - creches e pré-escolas de educação infantil";"3686183.05";"Analisada com pendências";"";"";"";"";"";"";"";"";"";"";"24/06/2026";"NÃO"
"Documentos apresentados";"979204";"";"366642025";"1101779";"MUNICIPIO DE ALVORADA DE MINAS - MG";"MG";"ALVORADA DE MINAS";"REGOV/MO";"novo pac - creches e pré-escolas de educação infantil";"3504118.19";"Analisada com pendências";"";"";"";"";"";"";"";"";"";"";"24/06/2026";"NÃO"
"Documentos apresentados";"979290";"";"368142025";"1101864";"MUNICIPIO DE TERESINA - PI";"PI";"TERESINA";"GIGOV/TE";"novo pac - creches e pré-escolas de educação infantil";"3378842.37";"Analisada com pendências";"";"";"";"";"";"";"";"";"";"";"24/06/2026";"NÃO"
"Documentos apresentados";"979388";"";"365052025";"1101719";"MUNICIPIO DE MAUES - AM";"AM";"MAUES";"GIGOV/MN";"novo pac - creches e pré-escolas de educação infantil";"3661975.54";"Analisada com pendências";"";"";"";"";"";"";"";"";"";"";"24/06/2026";"NÃO"
"Documentos apresentados";"979442";"";"365852025";"1101749";"MUNICIPIO DE MARACANAU - CE";"CE";"MARACANAU";"GIGOV/FO";"novo pac - creches e pré-escolas de educação infantil";"3365787.15";"Analisada com pendências";"";"";"";"";"";"";"";"";"";"";"24/06/2026";"NÃO"
"Documentos apresentados";"979315";"";"368602025";"1101894";"MUNICIPIO DE JAPERI - RJ";"RJ";"JAPERI";"GIGOV/RJ";"novo pac - creches e pré-escolas de educação infantil";"3883482.37";"Analisada com pendências";"";"";"";"";"";"";"";"";"";"";"24/06/2026";"NÃO"
"Documentos apresentados";"979174";"";"364832025";"1101702";"MUNICIPIO DE QUEBRANGULO - AL";"AL";"QUEBRANGULO";"GIGOV/ME";"novo pac - creches e pré-escolas de educação infantil";"3382576.25";"Analisada com pendências";"";"";"";"";"";"";"";"";"";"";"24/06/2026";"NÃO"
"Documentos apresentados";"979234";"";"367072025";"1101799";"MUNICIPIO DE CUIABA - MT";"MT";"CUIABA";"GIGOV/CB";"novo pac - creches e pré-escolas de educação infantil";"3412855.44";"Analisada com pendências";"";"";"";"";"";"";"";"";"";"";"24/06/2026";"NÃO"
"Documentos apresentados";"979299";"";"368302025";"1101876";"MUNICIPIO DE IRETAMA - PR";"PR";"IRETAMA";"GIGOV/MR";"novo pac - creches e pré-escolas de educação infantil";"3686183.05";"Analisada com pendências";"";"";"";"";"";"";"";"";"";"";"24/06/2026";"NÃO"
"Documentos apresentados";"979284";"";"367992025";"1101858";"MUNICIPIO DE SANTA MARIA DA BOA VISTA - PE";"PE";"SANTA MARIA DA BOA VISTA";"REGOV/LI";"novo pac - creches e pré-escolas de educação infantil";"3406872.2";"Analisada com pendências";"";"";"";"";"";"";"";"";"";"";"24/06/2026";"NÃO"
"Documentos apresentados";"979247";"";"368992025";"1101917";"MUNICIPIO DE PORTO VELHO - RO";"RO";"PORTO VELHO";"GIGOV/PV";"novo pac - creches e pré-escolas de educação infantil";"3975325.88";"Analisada com pendências";"";"";"";"";"";"";"";"";"";"";"24/06/2026";"NÃO"
"Documentos apresentados";"979218";"";"366892025";"1101789";"MUNICIPIO DE PONTO DOS VOLANTES - MG";"MG";"PONTO DOS VOLANTES";"REGOV/MO";"novo pac - creches e pré-escolas de educação infantil";"3504118.19";"Analisada com pendências";"";"";"";"";"";"";"";"";"";"";"24/06/2026";"NÃO"
"Documentos apresentados";"979352";"";"368512025";"1101888";"MUNICIPIO DE BARRA DO PIRAI - RJ";"RJ";"BARRA DO PIRAI";"REGOV/VR";"novo pac - creches e pré-escolas de educação infantil";"3883482.37";"Analisada com pendências";"";"";"";"";"";"";"";"";"";"";"24/06/2026";"NÃO"
"Documentos apresentados";"978057";"";"366912025";"1101442";"MUNICIPIO DE RIBEIRAO DAS NEVES - MG";"MG";"RIBEIRAO DAS NEVES";"GIGOV/BH";"novo pac - creches e pré-escolas de educação infantil";"3504118.19";"Analisada com pendências";"";"";"";"";"";"";"";"";"";"";"24/06/2026";"NÃO"
"Documentos apresentados";"979239";"";"368932025";"1101916";"MUNICIPIO DE ALTO PARAISO - RO";"RO";"ALTO PARAISO";"GIGOV/PV";"novo pac - creches e pré-escolas de educação infantil";"3975325.88";"Analisada com pendências";"";"";"";"";"";"";"";"";"";"";"24/06/2026";"NÃO"
"Documentos apresentados";"977908";"";"368502025";"1101497";"MUNICIPIO DE ARMACAO DE BUZIOS - RJ";"RJ";"ARMACAO DOS BUZIOS";"GIGOV/NT";"novo pac - creches e pré-escolas de educação infantil";"3883482.37";"Analisada com pendências";"";"";"";"";"";"";"";"";"";"";"24/06/2026";"NÃO"
"Documentos apresentados";"979258";"";"367532025";"1101830";"MUNICIPIO DE SAO SEBASTIAO DA BOA VISTA - PA";"PA";"SAO SEBASTIAO DA BOA VISTA";"GIGOV/BE";"novo pac - creches e pré-escolas de educação infantil";"3566197.85";"Analisada com pendências";"";"";"";"";"";"";"";"";"";"";"24/06/2026";"NÃO"
"Documentos apresentados";"979255";"";"369052025";"1101921";"MUNICIPIO DE AMAJARI - RR";"RR";"AMAJARI";"GIGOV/BV";"novo pac - creches e pré-escolas de educação infantil";"3736376.87";"Analisada com pendências";"";"";"";"";"";"";"";"";"";"";"24/06/2026";"NÃO"
"Documentos apresentados";"979322";"";"369202025";"1101932";"MUNICIPIO DE NOVA SANTA RITA - RS";"RS";"NOVA SANTA RITA";"REGOV/NH";"novo pac - creches e pré-escolas de educação infantil";"3599938.53";"Analisada com pendências";"";"";"";"";"";"";"";"";"";"";"24/06/2026";"NÃO"
"Documentos apresentados";"977998";"";"365862025";"1101386";"MUNICIPIO DE PARACURU - CE";"CE";"PARACURU";"GIGOV/FO";"novo pac - creches e pré-escolas de educação infantil";"3365787.15";"Analisada com pendências";"";"";"";"";"";"";"";"";"";"";"24/06/2026";"NÃO"
"Documentos apresentados";"979317";"";"368652025";"1101896";"MUNICIPIO DE PARAIBA DO SUL - RJ";"RJ";"PARAIBA DO SUL";"REGOV/VR";"novo pac - creches e pré-escolas de educação infantil";"3883482.37";"Analisada com pendências";"";"";"";"";"";"";"";"";"";"";"24/06/2026";"NÃO"
"Documentos apresentados";"979463";"";"367242025";"1101811";"MUNICIPIO DE BELEM - PA";"PA";"BELEM";"GIGOV/BE";"novo pac - creches e pré-escolas de educação infantil";"3566197.85";"Analisada com pendências";"";"";"";"";"";"";"";"";"";"";"24/06/2026";"NÃO"
"Documentos apresentados";"979253";"";"367492025";"1101826";"MUNICIPIO DE SANTA IZABEL - PA";"PA";"SANTA ISABEL DO PARA";"GIGOV/BE";"novo pac - creches e pré-escolas de educação infantil";"3566197.85";"Analisada com pendências";"";"";"";"";"";"";"";"";"";"";"24/06/2026";"NÃO"
"Documentos apresentados";"979408";"";"365302025";"1102043";"MUNICIPIO DE CARINHANHA - BA";"BA";"CARINHANHA";"GIGOV/VC";"novo pac - creches e pré-escolas de educação infantil";"3515665.9";"Analisada com pendências";"";"";"";"";"";"";"";"";"";"";"24/06/2026";"NÃO"
"Documentos apresentados";"979251";"";"369022025";"1101920";"MUNICIPIO DE PORTO VELHO - RO";"RO";"PORTO VELHO";"GIGOV/PV";"novo pac - creches e pré-escolas de educação infantil";"3975325.88";"Analisada com pendências";"";"";"";"";"";"";"";"";"";"";"24/06/2026";"NÃO"
"Documentos apresentados";"979208";"";"366732025";"1101782";"MUNICIPIO DE CANAPOLIS - MG";"MG";"CANAPOLIS";"GIGOV/UB";"novo pac - creches e pré-escolas de educação infantil";"3504118.19";"Analisada com pendências";"";"";"";"";"";"";"";"";"";"";"24/06/2026";"NÃO"
"Documentos apresentados";"979336";"";"367782025";"1101847";"MUNICIPIO DE ESCADA - PE";"PE";"ESCADA";"GIGOV/CA";"novo pac - creches e pré-escolas de educação infantil";"3406872.2";"Analisada com pendências";"";"";"";"";"";"";"";"";"";"";"24/06/2026";"NÃO"
"Documentos apresentados";"979154";"";"368792025";"1101907";"MUNICIPIO DE SILVA JARDIM - RJ";"RJ";"SILVA JARDIM";"GIGOV/NT";"novo pac - creches e pré-escolas de educação infantil";"3883482.37";"Analisada com pendências";"";"";"";"";"";"";"";"";"";"";"24/06/2026";"NÃO"
"Documentos apresentados";"979326";"";"369242025";"1101935";"MUNICIPIO DE PORTO ALEGRE - RS";"RS";"PORTO ALEGRE";"GIGOV/PO";"novo pac - creches e pré-escolas de educação infantil";"3599938.53";"Analisada com pendências";"";"";"";"";"";"";"";"";"";"";"24/06/2026";"NÃO"
"Documentos apresentados";"979327";"";"369252025";"1101936";"MUNICIPIO DE PORTO ALEGRE - RS";"RS";"PORTO ALEGRE";"GIGOV/PO";"novo pac - creches e pré-escolas de educação infantil";"3599938.53";"Analisada com pendências";"";"";"";"";"";"";"";"";"";"";"24/06/2026";"NÃO"
"Documentos apresentados";"979346";"";"368092025";"1101862";"MUNICIPIO DE LUZILANDIA - PI";"PI";"LUZILANDIA";"GIGOV/TE";"novo pac - creches e pré-escolas de educação infantil";"3378842.37";"Analisada com pendências";"";"";"";"";"";"";"";"";"";"";"24/06/2026";"NÃO"
"Documentos apresentados";"979413";"";"365422025";"1102048";"MUNICIPIO DE ITAPARICA - BA";"BA";"ITAPARICA";"GIGOV/SA";"novo pac - creches e pré-escolas de educação infantil";"3515665.9";"Analisada com pendências";"";"";"";"";"";"";"";"";"";"";"24/06/2026";"NÃO"
"Documentos apresentados";"979285";"";"368002025";"1101859";"MUNICIPIO DE SAO JOSE DO BELMONTE - PE";"PE";"SAO JOSE DO BELMONTE";"REGOV/LI";"novo pac - creches e pré-escolas de educação infantil";"3406872.2";"Analisada com pendências";"";"";"";"";"";"";"";"";"";"";"24/06/2026";"NÃO"
"Documentos apresentados";"979265";"";"367612025";"1101836";"MUNICIPIO DE JOAO PESSOA - PB";"PB";"JOAO PESSOA";"GIGOV/JP";"novo pac - creches e pré-escolas de educação infantil";"3193331.14";"Analisada com pendências";"";"";"";"";"";"";"";"";"";"";"24/06/2026";"NÃO"
"Documentos apresentados";"979266";"";"369082025";"1101923";"MUNICIPIO DE ALEGRETE - RS";"RS";"ALEGRETE";"GIGOV/SM";"novo pac - creches e pré-escolas de educação infantil";"3599938.53";"Analisada com pendências";"";"";"";"";"";"";"";"";"";"";"24/06/2026";"NÃO"
"Documentos apresentados";"979313";"";"368582025";"1101892";"MUNICIPIO DE ITAGUAI - RJ";"RJ";"ITAGUAI";"GIGOV/RJ";"novo pac - creches e pré-escolas de educação infantil";"3883482.37";"Analisada com pendências";"";"";"";"";"";"";"";"";"";"";"24/06/2026";"NÃO"
"Documentos apresentados";"979319";"";"368682025";"1101899";"MUNICIPIO DE PINHEIRAL - RJ";"RJ";"PINHEIRAL";"REGOV/VR";"novo pac - creches e pré-escolas de educação infantil";"3883482.37";"Analisada com pendências";"";"";"";"";"";"";"";"";"";"";"24/06/2026";"NÃO"
"Documentos apresentados";"979403";"";"365282025";"1102042";"MUNICIPIO DE CAMACARI - BA";"BA";"CAMACARI";"GIGOV/SA";"novo pac - creches e pré-escolas de educação infantil";"3515665.9";"Analisada com pendências";"";"";"";"";"";"";"";"";"";"";"24/06/2026";"NÃO"
"Documentos apresentados";"979417";"";"365482025";"1102052";"MUNICIPIO DE LIVRAMENTO DE NOSSA SENHORA - BA  EX L. BRUMADO";"BA";"LIVRAMENTO DE NOSSA SENHORA";"GIGOV/VC";"novo pac - creches e pré-escolas de educação infantil";"3515665.9";"Analisada com pendências";"";"";"";"";"";"";"";"";"";"";"24/06/2026";"NÃO"
"Documentos apresentados";"979310";"";"368522025";"1101889";"MUNICIPIO DE BARRA MANSA - RJ";"RJ";"BARRA MANSA";"REGOV/VR";"novo pac - creches e pré-escolas de educação infantil";"3883482.37";"Analisada com pendências";"";"";"";"";"";"";"";"";"";"";"24/06/2026";"NÃO"
"Documentos apresentados";"979150";"";"368732025";"1101903";"MUNICIPIO DE SAO FIDELIS - RJ";"RJ";"SAO FIDELIS";"REGOV/CM";"novo pac - creches e pré-escolas de educação infantil";"3883482.37";"Analisada com pendências";"";"";"";"";"";"";"";"";"";"";"24/06/2026";"NÃO"
"Documentos apresentados";"979406";"";"369632025";"1101964";"MUNICIPIO DE NAZARE PAULISTA - SP";"SP";"NAZARE PAULISTA";"REGOV/JD";"novo pac - creches e pré-escolas de educação infantil";"3772287.11";"Analisada com pendências";"";"";"";"";"";"";"";"";"";"";"24/06/2026";"NÃO"
"Documentos apresentados";"979270";"";"369092025";"1101924";"MUNICIPIO DE CACAPAVA DO SUL - RS";"RS";"CACAPAVA DO SUL";"GIGOV/SM";"novo pac - creches e pré-escolas de educação infantil";"3599938.53";"Analisada com pendências";"";"";"";"";"";"";"";"";"";"";"24/06/2026";"NÃO"
"Documentos apresentados";"979357";"";"369342025";"1101942";"MUNICIPIO DE SAO LOURENCO DO SUL - RS";"RS";"SAO LOURENCO DO SUL";"REGOV/PL";"novo pac - creches e pré-escolas de educação infantil";"3599938.53";"Analisada com pendências";"";"";"";"";"";"";"";"";"";"";"24/06/2026";"NÃO"
"Documentos apresentados";"979401";"";"365262025";"1102041";"MUNICIPIO DE BELO CAMPO - BA";"BA";"BELO CAMPO";"GIGOV/VC";"novo pac - creches e pré-escolas de educação infantil";"3515665.9";"Analisada com pendências";"";"";"";"";"";"";"";"";"";"";"24/06/2026";"NÃO"
"Documentos apresentados";"983118";"";"385652025";"1104449";"MINAS GERAIS SECRETARIA DE ESTADO DA CULTURA";"MG";"IGARAPE";"GIGOV/BH";"novo pac - ceus da cultura - propostas selecionadas – 2ª etapa";"2558383.0";"Analisada com pendências";"";"";"";"";"";"";"";"";"";"";"24/06/2026";"NÃO"
"Documentos apresentados";"983108";"";"385752025";"1104459";"SECRETARIA DA CULTURA";"RS";"RIO GRANDE";"GIGOV/PO";"novo pac - ceus da cultura - propostas selecionadas – 2ª etapa";"2644423.0";"Analisada com pendências";"";"";"";"";"";"";"";"";"";"";"24/06/2026";"NÃO"
"Documentos apresentados";"983130";"";"385662025";"1104450";"MINAS GERAIS SECRETARIA DE ESTADO DA CULTURA";"MG";"MATEUS LEME";"GIGOV/BH";"novo pac - ceus da cultura - propostas selecionadas – 2ª etapa";"2558383.0";"Analisada com pendências";"";"";"";"";"";"";"";"";"";"";"24/06/2026";"NÃO"
"Documentos apresentados";"983115";"";"385642025";"1104448";"MINAS GERAIS SECRETARIA DE ESTADO DA CULTURA";"MG";"VICOSA";"GIGOV/BH";"novo pac - ceus da cultura - propostas selecionadas – 2ª etapa";"2558383.0";"Analisada com pendências";"";"";"";"";"";"";"";"";"";"";"24/06/2026";"NÃO"
"Documentos apresentados";"983132";"";"385672025";"1104451";"MINAS GERAIS SECRETARIA DE ESTADO DA CULTURA";"MG";"ARACUAI";"GIGOV/BH";"novo pac - ceus da cultura - propostas selecionadas – 2ª etapa";"2558383.0";"Analisada com pendências";"";"";"";"";"";"";"";"";"";"";"24/06/2026";"NÃO"
"Documentos apresentados";"983124";"";"385792025";"1104463";"ESTADO DO TOCANTINS";"TO";"PALMAS";"GIGOV/PM";"novo pac - ceus da cultura - propostas selecionadas – 2ª etapa";"2578431.0";"Analisada com pendências";"";"";"";"";"";"";"";"";"";"";"24/06/2026";"NÃO"
"Documentos apresentados";"983559";"1-2140908";"559352025";"1104578";"MUNICIPIO DE JUAZEIRO DO NORTE - CE";"CE";"JUAZEIRO DO NORTE";"REGOV/JN";"novo pac - cidades sustentáveis e resilientes - subeixo prevenção a desastres - drenagem urbana";"13034723.0";"Analisada com pendências";"";"";"";"";"";"";"";"";"";"";"24/06/2026";"SIM"
"Documentos apresentados";"983609";"1-2137470";"560082025";"1104427";"MUNICIPIO DE BREJO SANTO - CE";"CE";"BREJO SANTO";"REGOV/JN";"novo pac - cidades sustentáveis e resilientes - subeixo prevenção a desastres - drenagem urbana";"11550000.0";"Analisada com pendências";"";"";"";"";"";"";"";"";"";"";"24/06/2026";"SIM"
"Documentos apresentados";"983101";"";"385542025";"1104438";"MINAS GERAIS SECRETARIA DE ESTADO DA CULTURA";"MG";"RIBEIRAO DAS NEVES";"GIGOV/BH";"novo pac - ceus da cultura - propostas selecionadas – 2ª etapa";"2558383.0";"Analisada com pendências";"";"";"";"";"";"";"";"";"";"";"24/06/2026";"NÃO"
"Documentos apresentados";"983610";"1-2140963";"560262025";"1104428";"MUNICIPIO DE SAO RAIMUNDO NONATO - PI";"PI";"SAO RAIMUNDO NONATO";"GIGOV/TE";"novo pac - cidades sustentáveis e resilientes - subeixo prevenção a desastres - drenagem urbana";"47000000.0";"Analisada com pendências";"";"";"";"";"";"";"";"";"";"";"24/06/2026";"SIM"
"Documentos apresentados";"983103";"";"385532025";"1104437";"MINAS GERAIS SECRETARIA DE ESTADO DA CULTURA";"MG";"MONTES CLAROS";"GIGOV/BH";"novo pac - ceus da cultura - propostas selecionadas – 2ª etapa";"2558383.0";"Analisada com pendências";"";"";"";"";"";"";"";"";"";"";"24/06/2026";"NÃO"
"Documentos apresentados";"984854";"1-2140729";"559452025";"1104652";"MUNICIPIO DE CONTAGEM - MG";"MG";"CONTAGEM";"GIGOV/BH";"novo pac - cidades sustentáveis e resilientes - subeixo prevenção a desastres - drenagem urbana";"80231383.0";"Analisada com pendências";"";"";"";"";"";"";"";"";"";"";"24/06/2026";"SIM"
"Documentos apresentados";"983090";"";"385582025";"1104442";"MINAS GERAIS SECRETARIA DE ESTADO DA CULTURA";"MG";"IPATINGA";"GIGOV/BH";"novo pac - ceus da cultura - propostas selecionadas – 2ª etapa";"2558383.0";"Analisada com pendências";"";"";"";"";"";"";"";"";"";"";"24/06/2026";"NÃO"
"Documentos apresentados";"985486";"1-2138797";"553302025";"1104618";"MUNICIPIO DE MURIAE - MG";"MG";"MURIAE";"GIGOV/JF";"novo pac - contenção de encostas";"26365149.49";"Analisada com pendências";"";"";"";"";"";"";"";"";"";"";"24/06/2026";"SIM"
"Documentos apresentados";"983094";"";"385632025";"1104447";"MINAS GERAIS SECRETARIA DE ESTADO DA CULTURA";"MG";"FRUTAL";"GIGOV/BH";"novo pac - ceus da cultura - propostas selecionadas – 2ª etapa";"2558383.0";"Analisada com pendências";"";"";"";"";"";"";"";"";"";"";"24/06/2026";"NÃO"
"Documentos apresentados";"985478";"1-2139026";"553502025";"1104622";"MUNICIPIO DE SAO LUIS - MA";"MA";"SAO LUIS";"GIGOV/SL";"novo pac - contenção de encostas";"1695952.35";"Analisada com pendências";"";"";"";"";"";"";"";"";"";"";"24/06/2026";"SIM"
"Documentos apresentados";"983600";"1-2137947";"559542025";"1104421";"MUNICIPIO DE BELFORD ROXO - RJ";"RJ";"BELFORD ROXO";"GIGOV/RJ";"novo pac - cidades sustentáveis e resilientes - subeixo prevenção a desastres - drenagem urbana";"30000000.0";"Analisada com pendências";"";"";"";"";"";"";"";"";"";"";"24/06/2026";"SIM"
"Documentos apresentados";"983601";"1-2137079";"560282025";"1104429";"MUNICIPIO DE CRATO - CE";"CE";"CRATO";"REGOV/JN";"novo pac - cidades sustentáveis e resilientes - subeixo prevenção a desastres - drenagem urbana";"10022528.47";"Analisada com pendências";"";"";"";"";"";"";"";"";"";"";"24/06/2026";"SIM"
"Documentos apresentados";"983125";"";"385732025";"1104457";"SECRETARIA DA CULTURA";"RS";"GRAVATAI";"GIGOV/PO";"novo pac - ceus da cultura - propostas selecionadas – 2ª etapa";"2644423.0";"Analisada com pendências";"";"";"";"";"";"";"";"";"";"";"24/06/2026";"NÃO"
"Documentos apresentados";"983100";"";"385522025";"1104436";"SECRETARIA DE ESTADO DE CULTURA DO DISTRITO FEDERA";"DF";"BRASILIA";"GIGOV/BR";"novo pac - ceus da cultura - propostas selecionadas – 2ª etapa";"2530849.0";"Analisada com pendências";"";"";"";"";"";"";"";"";"";"";"24/06/2026";"NÃO"
"Documentos apresentados";"983133";"";"385682025";"1104452";"MINAS GERAIS SECRETARIA DE ESTADO DA CULTURA";"MG";"RAPOSOS";"GIGOV/BH";"novo pac - ceus da cultura - propostas selecionadas – 2ª etapa";"2558383.0";"Analisada com pendências";"";"";"";"";"";"";"";"";"";"";"24/06/2026";"NÃO"
"Documentos apresentados";"983560";"1-2141030";"559722025";"1104579";"MUNICIPIO DE SAO GABRIEL DA PALHA - ES";"ES";"SAO GABRIEL DA PALHA";"GIGOV/VT";"novo pac - cidades sustentáveis e resilientes - subeixo prevenção a desastres - drenagem urbana";"16760192.0";"Analisada com pendências";"";"";"";"";"";"";"";"";"";"";"24/06/2026";"SIM"
"Documentos apresentados";"985487";"1-2137772";"553402025";"1104620";"MUNICIPIO DE ALEGRE - ES";"ES";"ALEGRE";"GIGOV/VT";"novo pac - contenção de encostas";"3553910.18";"Analisada com pendências";"";"";"";"";"";"";"";"";"";"";"24/06/2026";"SIM"
"Documentos apresentados";"986658";"1-2134574";"552732025";"1104606";"MUNICIPIO DE CARIACICA - ES";"ES";"CARIACICA";"GIGOV/VT";"novo pac - contenção de encostas";"18143766.97";"Analisada com pendências";"";"";"";"";"";"";"";"";"";"";"24/06/2026";"SIM"
"Documentos apresentados";"983615";"1-2137358";"559752025";"1104425";"MUNICIPIO DE NOVA SANTA RITA - RS";"RS";"NOVA SANTA RITA";"REGOV/NH";"novo pac - cidades sustentáveis e resilientes - subeixo prevenção a desastres - drenagem urbana";"11051248.0";"Analisada com pendências";"";"";"";"";"";"";"";"";"";"";"24/06/2026";"SIM"
"Documentos apresentados";"984880";"1-2144512";"560052025";"1105153";"MUNICIPIO DE SAO LOURENCO DO SUL - RS";"RS";"SAO LOURENCO DO SUL";"REGOV/PL";"novo pac - cidades sustentáveis e resilientes - subeixo prevenção a desastres - drenagem urbana";"37774425.0";"Analisada com pendências";"";"";"";"";"";"";"";"";"";"";"24/06/2026";"SIM"
"Documentos apresentados";"983096";"";"385552025";"1104439";"MINAS GERAIS SECRETARIA DE ESTADO DA CULTURA";"MG";"VESPASIANO";"GIGOV/BH";"novo pac - ceus da cultura - propostas selecionadas – 2ª etapa";"2558383.0";"Analisada com pendências";"";"";"";"";"";"";"";"";"";"";"24/06/2026";"NÃO"
"Documentos apresentados";"983093";"";"385612025";"1104445";"MINAS GERAIS SECRETARIA DE ESTADO DA CULTURA";"MG";"UNAI";"GIGOV/BH";"novo pac - ceus da cultura - propostas selecionadas – 2ª etapa";"2558383.0";"Analisada com pendências";"";"";"";"";"";"";"";"";"";"";"24/06/2026";"NÃO"
"Documentos apresentados";"985449";"1-2134997";"552692025";"1104604";"MUNICIPIO DE SAO BERNARDO DO CAMPO - SP";"SP";"SAO BERNARDO DO CAMPO";"GIGOV/SD";"novo pac - contenção de encostas";"17025937.55";"Analisada com pendências";"";"";"";"";"";"";"";"";"";"";"24/06/2026";"SIM"
"Documentos apresentados";"984847";"1-2141735";"559642025";"1104654";"MUNICIPIO DE CAUCAIA - CE";"CE";"CAUCAIA";"GIGOV/FO";"novo pac - cidades sustentáveis e resilientes - subeixo prevenção a desastres - drenagem urbana";"81334537.62";"Analisada com pendências";"";"";"";"";"";"";"";"";"";"";"24/06/2026";"SIM"
"Documentos apresentados";"983122";"";"385562025";"1104440";"MINAS GERAIS SECRETARIA DE ESTADO DA CULTURA";"MG";"UBERLANDIA";"GIGOV/BH";"novo pac - ceus da cultura - propostas selecionadas – 2ª etapa";"2558383.0";"Analisada com pendências";"";"";"";"";"";"";"";"";"";"";"24/06/2026";"NÃO"
"Documentos apresentados";"985484";"1-2134436";"553272025";"1104616";"MUNICIPIO DE ITAPEVI - SP";"SP";"ITAPEVI";"REGOV/OS";"novo pac - contenção de encostas";"23011958.88";"Analisada com pendências";"";"";"";"";"";"";"";"";"";"";"24/06/2026";"SIM"
"Documentos apresentados";"983617";"1-2138393";"559572025";"1104422";"MUNICIPIO DE JOINVILLE - SC";"SC";"JOINVILLE";"REGOV/JV";"novo pac - cidades sustentáveis e resilientes - subeixo prevenção a desastres - drenagem urbana";"80000000.0";"Analisada com pendências";"";"";"";"";"";"";"";"";"";"";"24/06/2026";"SIM"
"Documentos apresentados";"983136";"";"385602025";"1104444";"MINAS GERAIS SECRETARIA DE ESTADO DA CULTURA";"MG";"LAGOA SANTA";"GIGOV/BH";"novo pac - ceus da cultura - propostas selecionadas – 2ª etapa";"2558383.0";"Analisada com pendências";"";"";"";"";"";"";"";"";"";"";"24/06/2026";"NÃO"
"Documentos apresentados";"985367";"1-2143562";"559552025";"1105535";"MUNICIPIO DE IMBITUBA - SC";"SC";"IMBITUBA";"REGOV/CR";"novo pac - cidades sustentáveis e resilientes - subeixo prevenção a desastres - drenagem urbana";"16304094.79";"Analisada com pendências";"";"";"";"";"";"";"";"";"";"";"24/06/2026";"SIM"
"Documentos apresentados";"985384";"1-2138994";"559632025";"1105594";"MUNICIPIO DE SAO DOMINGOS CAPIM - PA";"PA";"SAO DOMINGOS DO CAPIM";"GIGOV/BE";"novo pac - cidades sustentáveis e resilientes - subeixo prevenção a desastres - drenagem urbana";"10000000.0";"Analisada com pendências";"";"";"";"";"";"";"";"";"";"";"24/06/2026";"SIM"
"Documentos apresentados";"986120";"1-2139872";"560472025";"1105762";"MUNICIPIO DE SANTA TEREZINHA - MT";"MT";"SANTA TEREZINHA";"GIGOV/CB";"novo pac - cidades sustentáveis e resilientes - subeixo prevenção a desastres - drenagem urbana";"15439922.29";"Analisada com pendências";"";"";"";"";"";"";"";"";"";"";"24/06/2026";"SIM"
"Documentos apresentados";"984898";"1-2138832";"559662025";"1105146";"MUNICIPIO DE PRAINHA - PA";"PA";"PRAINHA";"REGOV/TR";"novo pac - cidades sustentáveis e resilientes - subeixo prevenção a desastres - drenagem urbana";"18000000.0";"Analisada com pendências";"";"";"";"";"";"";"";"";"";"";"24/06/2026";"SIM"
"Documentos apresentados";"984888";"1-2141981";"559402025";"1105142";"MUNICIPIO DE VIANA - ES";"ES";"VIANA";"GIGOV/VT";"novo pac - cidades sustentáveis e resilientes - subeixo prevenção a desastres - drenagem urbana";"40701240.0";"Analisada com pendências";"";"";"";"";"";"";"";"";"";"";"24/06/2026";"SIM"
"Documentos apresentados";"984895";"1-2138821";"559442025";"1105144";"MUNICIPIO DE ITUPIRANGA - PA";"PA";"ITUPIRANGA";"REGOV/MB";"novo pac - cidades sustentáveis e resilientes - subeixo prevenção a desastres - drenagem urbana";"15000000.0";"Analisada com pendências";"";"";"";"";"";"";"";"";"";"";"24/06/2026";"SIM"
"Documentos apresentados";"984853";"1-2136054";"559492025";"1104653";"MUNICIPIO DE LIMOEIRO - PE";"PE";"LIMOEIRO";"GIGOV/CA";"novo pac - cidades sustentáveis e resilientes - subeixo prevenção a desastres - drenagem urbana";"14486788.88";"Analisada com pendências";"";"";"";"";"";"";"";"";"";"";"24/06/2026";"SIM"
"Documentos apresentados";"986352";"1-2139331";"553572025";"1105534";"MUNICIPIO DE SAO JOSE DOS CAMPOS - SP";"SP";"SAO JOSE DOS CAMPOS";"GIGOV/SJ";"novo pac - contenção de encostas";"2643244.27";"Analisada com pendências";"";"";"";"";"";"";"";"";"";"";"24/06/2026";"SIM"
"Documentos apresentados";"986688";"1-2135832";"552922025";"1105827";"MUNICIPIO DE MANAUS - AM";"AM";"MANAUS";"GIGOV/MN";"novo pac - contenção de encostas";"20600000.0";"Analisada com pendências";"";"";"";"";"";"";"";"";"";"";"24/06/2026";"SIM"
"Documentos apresentados";"985354";"1-2135810";"560072025";"1105502";"MUNICIPIO DE JACAREI - SP";"SP";"JACAREI";"GIGOV/SJ";"novo pac - cidades sustentáveis e resilientes - subeixo prevenção a desastres - drenagem urbana";"21204792.02";"Analisada com pendências";"";"";"";"";"";"";"";"";"";"";"24/06/2026";"SIM"
"Documentos apresentados";"983120";"";"385622025";"1104446";"MINAS GERAIS SECRETARIA DE ESTADO DA CULTURA";"MG";"UBERLANDIA";"GIGOV/BH";"novo pac - ceus da cultura - propostas selecionadas – 2ª etapa";"2558383.0";"Analisada com pendências";"";"";"";"";"";"";"";"";"";"";"24/06/2026";"NÃO"
"Documentos apresentados";"983207";"";"385492025";"1104513";"ESTADO DO AMAPA";"AP";"LARANJAL DO JARI";"GIGOV/MC";"novo pac - ceus da cultura - propostas selecionadas – 2ª etapa";"2671690.0";"Analisada com pendências";"";"";"";"";"";"";"";"";"";"";"24/06/2026";"NÃO"
"Documentos apresentados";"986334";"1-2141602";"552982025";"1105524";"MUNICIPIO DE JUIZ DE FORA - MG";"MG";"JUIZ DE FORA";"GIGOV/JF";"novo pac - contenção de encostas";"8579208.5";"Analisada com pendências";"";"";"";"";"";"";"";"";"";"";"24/06/2026";"SIM"
"Documentos apresentados";"985356";"1-2135780";"560502025";"1105504";"MUNICIPIO DE HORTOLANDIA - SP";"SP";"HORTOLANDIA";"GIGOV/CP";"novo pac - cidades sustentáveis e resilientes - subeixo prevenção a desastres - drenagem urbana";"38439898.61";"Analisada com pendências";"";"";"";"";"";"";"";"";"";"";"24/06/2026";"SIM"
"Documentos apresentados";"985366";"1-2141363";"559742025";"1105536";"MUNICIPIO DE MARITUBA - PA";"PA";"MARITUBA";"GIGOV/BE";"novo pac - cidades sustentáveis e resilientes - subeixo prevenção a desastres - drenagem urbana";"28429928.0";"Analisada com pendências";"";"";"";"";"";"";"";"";"";"";"24/06/2026";"SIM"
"Documentos apresentados";"986117";"1-2138972";"560132025";"1105760";"MUNICIPIO DE BACABAL - MA";"MA";"BACABAL";"GIGOV/SL";"novo pac - cidades sustentáveis e resilientes - subeixo prevenção a desastres - drenagem urbana";"26000000.0";"Analisada com pendências";"";"";"";"";"";"";"";"";"";"";"24/06/2026";"SIM"
"Documentos apresentados";"983092";"";"385572025";"1104441";"MINAS GERAIS SECRETARIA DE ESTADO DA CULTURA";"MG";"CORONEL FABRICIANO";"GIGOV/BH";"novo pac - ceus da cultura - propostas selecionadas – 2ª etapa";"2558383.0";"Analisada com pendências";"";"";"";"";"";"";"";"";"";"";"24/06/2026";"NÃO"
"Documentos apresentados";"983106";"";"385592025";"1104443";"MINAS GERAIS SECRETARIA DE ESTADO DA CULTURA";"MG";"SANTANA DO PARAISO";"GIGOV/BH";"novo pac - ceus da cultura - propostas selecionadas – 2ª etapa";"2558383.0";"Analisada com pendências";"";"";"";"";"";"";"";"";"";"";"24/06/2026";"NÃO"
"Documentos apresentados";"986693";"1-2142034";"552962025";"1105438";"MUNICIPIO DE NOVA VENECIA - ES";"ES";"NOVA VENECIA";"GIGOV/VT";"novo pac - contenção de encostas";"1987096.09";"Analisada com pendências";"";"";"";"";"";"";"";"";"";"";"24/06/2026";"SIM"
"Documentos apresentados";"986626";"1-2133182";"1432025";"1105667";"RIO DE JANEIRO SECRETARIA DE ESTADO DE TRANSPORTES";"RJ";"RIO DE JANEIRO";"GIGOV/RJ";"novo pac - mobilidade urbana sustentável";"20000000.0";"Analisada com pendências";"";"";"";"";"";"";"";"";"";"";"24/06/2026";"SIM"
"Documentos apresentados";"986116";"1-2135544";"560102025";"1105759";"MUNICIPIO DE VALPARAISO - GO";"GO";"VALPARAISO DE GOIAS";"GIGOV/BR";"novo pac - cidades sustentáveis e resilientes - subeixo prevenção a desastres - drenagem urbana";"50000000.0";"Analisada com pendências";"";"";"";"";"";"";"";"";"";"";"24/06/2026";"SIM"
"Documentos apresentados";"985338";"1-2138981";"559712025";"1105393";"MUNICIPIO DE VIGIA - PA";"PA";"VIGIA";"GIGOV/BE";"novo pac - cidades sustentáveis e resilientes - subeixo prevenção a desastres - drenagem urbana";"15000000.0";"Analisada com pendências";"";"";"";"";"";"";"";"";"";"";"24/06/2026";"SIM"
"Documentos apresentados";"985348";"1-2135354";"559652025";"1105500";"MUNICIPIO DE GUARULHOS - SP";"SP";"GUARULHOS";"GIGOV/SP";"novo pac - cidades sustentáveis e resilientes - subeixo prevenção a desastres - drenagem urbana";"46000000.0";"Analisada com pendências";"";"";"";"";"";"";"";"";"";"";"24/06/2026";"SIM"
"Documentos apresentados";"986738";"1-2137750";"553472025";"1105533";"MUNICIPIO DE PIRAI - RJ";"RJ";"PIRAI";"REGOV/VR";"novo pac - contenção de encostas";"14743837.78";"Analisada com pendências";"";"";"";"";"";"";"";"";"";"";"24/06/2026";"SIM"
"Documentos apresentados";"986678";"1-2140170";"552862025";"1105649";"MUNICIPIO DE RECIFE - PE";"PE";"RECIFE";"GIGOV/RE";"novo pac - contenção de encostas";"29602929.43";"Analisada com pendências";"";"";"";"";"";"";"";"";"";"";"24/06/2026";"SIM"
"Documentos apresentados";"986126";"1-2142812";"560202025";"1105968";"MUNICIPIO DE COARI - AM";"AM";"COARI";"GIGOV/MN";"novo pac - cidades sustentáveis e resilientes - subeixo prevenção a desastres - drenagem urbana";"10000000.0";"Analisada com pendências";"";"";"";"";"";"";"";"";"";"";"24/06/2026";"SIM"
"Documentos apresentados";"984887";"1-2139396";"560412025";"1105159";"MUNICIPIO DE PIRAPORA DO BOM JESUS - SP";"SP";"PIRAPORA DO BOM JESUS";"REGOV/OS";"novo pac - cidades sustentáveis e resilientes - subeixo prevenção a desastres - drenagem urbana";"20000000.0";"Analisada com pendências";"";"";"";"";"";"";"";"";"";"";"24/06/2026";"SIM"
"Documentos apresentados";"986105";"1-2143357";"560212025";"1105702";"MUNICIPIO DE PORTO VELHO - RO";"RO";"PORTO VELHO";"GIGOV/PV";"novo pac - cidades sustentáveis e resilientes - subeixo prevenção a desastres - drenagem urbana";"90000000.0";"Analisada com pendências";"";"";"";"";"";"";"";"";"";"";"24/06/2026";"SIM"
"Documentos apresentados";"984877";"1-2139418";"559702025";"1105147";"MUNICIPIO DE IMPERATRIZ - MA";"MA";"IMPERATRIZ";"GIGOV/SL";"novo pac - cidades sustentáveis e resilientes - subeixo prevenção a desastres - drenagem urbana";"19800000.0";"Analisada com pendências";"";"";"";"";"";"";"";"";"";"";"24/06/2026";"SIM"
"Documentos apresentados";"983558";"1-2137607";"560422025";"1104545";"MUNICIPIO DE VALENCA - BA";"BA";"VALENCA";"GIGOV/SA";"novo pac - cidades sustentáveis e resilientes - subeixo prevenção a desastres - drenagem urbana";"33487488.21";"Analisada com pendências";"";"";"";"";"";"";"";"";"";"";"24/06/2026";"SIM"
"Documentos apresentados";"985339";"1-2135861";"560522025";"1105399";"MUNICIPIO DE BENEVIDES - PA";"PA";"BENEVIDES";"GIGOV/BE";"novo pac - cidades sustentáveis e resilientes - subeixo prevenção a desastres - drenagem urbana";"30000000.0";"Analisada com pendências";"";"";"";"";"";"";"";"";"";"";"24/06/2026";"SIM"
"Documentos apresentados";"986720";"1-2142435";"553232025";"1106104";"MUNICIPIO DE PETROPOLIS - RJ";"RJ";"PETROPOLIS";"GIGOV/NT";"novo pac - contenção de encostas";"13765885.55";"Analisada com pendências";"";"";"";"";"";"";"";"";"";"";"24/06/2026";"SIM"
"Documentos apresentados";"986060";"";"368542025";"1106025";"MUNICIPIO DE CASIMIRO DE ABREU - RJ";"RJ";"CASIMIRO DE ABREU";"GIGOV/NT";"novo pac - creches e pré-escolas de educação infantil";"3883482.37";"Analisada com pendências";"";"";"";"";"";"";"";"";"";"";"24/06/2026";"NÃO"
"Documentos apresentados";"985391";"1-2140617";"560252025";"1105600";"MUNICIPIO DE CARAPICUIBA - SP";"SP";"CARAPICUIBA";"REGOV/OS";"novo pac - cidades sustentáveis e resilientes - subeixo prevenção a desastres - drenagem urbana";"29222444.13";"Analisada com pendências";"";"";"";"";"";"";"";"";"";"";"24/06/2026";"SIM"
"Documentos apresentados";"985351";"1-2138267";"559372025";"1105498";"MUNICIPIO DE ARAME - MA";"MA";"ARAME";"GIGOV/SL";"novo pac - cidades sustentáveis e resilientes - subeixo prevenção a desastres - drenagem urbana";"29658154.0";"Analisada com pendências";"";"";"";"";"";"";"";"";"";"";"24/06/2026";"SIM"
"Documentos apresentados";"984897";"1-2138961";"559602025";"1105145";"MUNICIPIO DE VISEU - PA";"PA";"VISEU";"GIGOV/BE";"novo pac - cidades sustentáveis e resilientes - subeixo prevenção a desastres - drenagem urbana";"24000000.0";"Analisada com pendências";"";"";"";"";"";"";"";"";"";"";"24/06/2026";"SIM"
"Documentos apresentados";"983109";"";"385762025";"1104460";"SECRETARIA DA CULTURA";"RS";"CACHOEIRA DO SUL";"GIGOV/PO";"novo pac - ceus da cultura - propostas selecionadas – 2ª etapa";"2644423.0";"Analisada com pendências";"";"";"";"";"";"";"";"";"";"";"24/06/2026";"NÃO"
"Documentos apresentados";"986650";"1-2141564";"552652025";"1105433";"MUNICIPIO DE VIANA - ES";"ES";"VIANA";"GIGOV/VT";"novo pac - contenção de encostas";"5152690.36";"Analisada com pendências";"";"";"";"";"";"";"";"";"";"";"24/06/2026";"SIM"
"Documentos apresentados";"985379";"1-2142507";"560122025";"1105539";"MUNICIPIO DE NOVA ESPERANCA DO PIRIA - PA";"PA";"NOVA ESPERANCA DO PIRIA";"GIGOV/BE";"novo pac - cidades sustentáveis e resilientes - subeixo prevenção a desastres - drenagem urbana";"11178967.2";"Analisada com pendências";"";"";"";"";"";"";"";"";"";"";"24/06/2026";"SIM"
"Documentos apresentados";"986330";"1-2135789";"552762025";"1105589";"MUNICIPIO DE JACOBINA - BA";"BA";"JACOBINA";"GIGOV/FS";"novo pac - contenção de encostas";"3374634.01";"Analisada com pendências";"";"";"";"";"";"";"";"";"";"";"24/06/2026";"SIM"
"Documentos apresentados";"985390";"1-2137399";"560182025";"1105599";"MUNICIPIO DE BARRA MANSA - RJ";"RJ";"BARRA MANSA";"REGOV/VR";"novo pac - cidades sustentáveis e resilientes - subeixo prevenção a desastres - drenagem urbana";"48761298.68";"Analisada com pendências";"";"";"";"";"";"";"";"";"";"";"24/06/2026";"SIM"
"Documentos apresentados";"986115";"1-2145576";"559972025";"1105758";"MUNICIPIO DE SAO CARLOS - SP";"SP";"SAO CARLOS";"GIGOV/PK";"novo pac - cidades sustentáveis e resilientes - subeixo prevenção a desastres - drenagem urbana";"10225198.74";"Analisada com pendências";"";"";"";"";"";"";"";"";"";"";"24/06/2026";"SIM"
"Documentos apresentados";"986689";"1-2144331";"552932025";"1106101";"MUNICIPIO DE PEDREIRA - SP";"SP";"PEDREIRA";"GIGOV/CP";"novo pac - contenção de encostas";"4417493.6";"Analisada com pendências";"";"";"";"";"";"";"";"";"";"";"24/06/2026";"SIM"
"Documentos apresentados";"986069";"";"603022025";"1106119";"MUNICIPIO DE FORTALEZA - CE";"CE";"FORTALEZA";"GIGOV/FO";"novo pac - substituição propostas- escolas em tempo integral";"11093575.01";"Analisada com pendências";"";"";"";"";"";"";"";"";"";"";"24/06/2026";"NÃO"
"Documentos apresentados";"986707";"1-2139171";"553032025";"1105650";"MUNICIPIO DE GOVERNADOR VALADARES - MG";"MG";"GOVERNADOR VALADARES";"GIGOV/GV";"novo pac - contenção de encostas";"3600000.0";"Analisada com pendências";"";"";"";"";"";"";"";"";"";"";"24/06/2026";"SIM"
"Documentos apresentados";"985355";"1-2138661";"560312025";"1105503";"MUNICIPIO DE OSASCO - SP";"SP";"OSASCO";"REGOV/OS";"novo pac - cidades sustentáveis e resilientes - subeixo prevenção a desastres - drenagem urbana";"49770353.13";"Analisada com pendências";"";"";"";"";"";"";"";"";"";"";"24/06/2026";"SIM"
"Documentos apresentados";"985341";"1-2136680";"559622025";"1105451";"MUNICIPIO DE SAO JOAO DE MERITI - RJ";"RJ";"SAO JOAO DE MERITI";"GIGOV/RJ";"novo pac - cidades sustentáveis e resilientes - subeixo prevenção a desastres - drenagem urbana";"50000000.0";"Analisada com pendências";"";"";"";"";"";"";"";"";"";"";"24/06/2026";"SIM"
"Documentos apresentados";"983107";"";"385692025";"1104453";"ESTADO DO PARA";"PA";"SAO FELIX DO XINGU";"GIGOV/BE";"novo pac - ceus da cultura - propostas selecionadas – 2ª etapa";"2617182.0";"Analisada com pendências";"";"";"";"";"";"";"";"";"";"";"24/06/2026";"NÃO"
"Documentos apresentados";"985385";"1-2138879";"559682025";"1105595";"MUNICIPIO DE CURUA - PA";"PA";"CURUA";"REGOV/TR";"novo pac - cidades sustentáveis e resilientes - subeixo prevenção a desastres - drenagem urbana";"10000000.0";"Analisada com pendências";"";"";"";"";"";"";"";"";"";"";"24/06/2026";"SIM"
"Documentos apresentados";"986745";"1-2140423";"553562025";"1105654";"MUNICIPIO DE MARECHAL DEODORO";"AL";"MARECHAL DEODORO";"GIGOV/ME";"novo pac - contenção de encostas";"12000000.0";"Analisada com pendências";"";"";"";"";"";"";"";"";"";"";"24/06/2026";"SIM"
"Documentos apresentados";"986109";"1-2138071";"560322025";"1105703";"MUNICIPIO DE MARAGOGI - AL";"AL";"MARAGOGI";"GIGOV/ME";"novo pac - cidades sustentáveis e resilientes - subeixo prevenção a desastres - drenagem urbana";"18143734.46";"Analisada com pendências";"";"";"";"";"";"";"";"";"";"";"24/06/2026";"SIM"
"Documentos apresentados";"985340";"1-2143136";"559592025";"1105450";"MUNICIPIO DE BELEM - PA";"PA";"BELEM";"GIGOV/BE";"novo pac - cidades sustentáveis e resilientes - subeixo prevenção a desastres - drenagem urbana";"92435817.0";"Analisada com pendências";"";"";"";"";"";"";"";"";"";"";"24/06/2026";"SIM"
"Documentos apresentados";"985488";"1-2134450";"553452025";"1105449";"MUNICIPIO DE MUCUM - RS";"RS";"MUCUM";"REGOV/CX";"novo pac - contenção de encostas";"12191113.97";"Analisada com pendências";"";"";"";"";"";"";"";"";"";"";"24/06/2026";"SIM"
"Documentos apresentados";"986653";"1-2143074";"552662025";"1105587";"MUNICIPIO DE CORURIPE - AL";"AL";"CORURIPE";"GIGOV/ME";"novo pac - contenção de encostas";"4044629.7";"Analisada com pendências";"";"";"";"";"";"";"";"";"";"";"24/06/2026";"SIM"
"Documentos apresentados";"986076";"";"365902025";"1106019";"MUNICIPIO DE TABULEIRO DO NORTE - CE";"CE";"TABULEIRO DO NORTE";"GIGOV/FO";"novo pac - creches e pré-escolas de educação infantil";"3365787.15";"Analisada com pendências";"";"";"";"";"";"";"";"";"";"";"24/06/2026";"NÃO"
"Documentos apresentados";"986070";"";"365802025";"1106017";"MUNICIPIO DE ICAPUI - CE";"CE";"ICAPUI";"GIGOV/FO";"novo pac - creches e pré-escolas de educação infantil";"3365787.15";"Analisada com pendências";"";"";"";"";"";"";"";"";"";"";"24/06/2026";"NÃO"
"Documentos apresentados";"986718";"1-2134595";"553182025";"1105651";"MUNICIPIO DE PRESIDENTE FIGUEIREDO - AM";"AM";"PRESIDENTE FIGUEIREDO";"GIGOV/MN";"novo pac - contenção de encostas";"2500929.85";"Analisada com pendências";"";"";"";"";"";"";"";"";"";"";"24/06/2026";"SIM"
"Documentos apresentados";"986127";"1-2136088";"560432025";"1105969";"MUNICIPIO DE ITACOATIARA - AM";"AM";"ITACOATIARA";"GIGOV/MN";"novo pac - cidades sustentáveis e resilientes - subeixo prevenção a desastres - drenagem urbana";"10000000.0";"Analisada com pendências";"";"";"";"";"";"";"";"";"";"";"24/06/2026";"SIM"
"Documentos apresentados";"986054";"";"602952025";"1106116";"MUNICIPIO DE GRANJA - CE";"CE";"GRANJA";"GIGOV/FO";"novo pac - substituição propostas- creches e pré-escolas de educação infantil";"5458605.35";"Analisada com pendências";"";"";"";"";"";"";"";"";"";"";"24/06/2026";"NÃO"
"Documentos apresentados";"986347";"1-2134748";"552842025";"1105490";"MUNICIPIO DE ALMEIRIM - PA";"PA";"ALMEIRIM";"REGOV/TR";"novo pac - contenção de encostas";"11558081.85";"Analisada com pendências";"";"";"";"";"";"";"";"";"";"";"24/06/2026";"SIM"
"Documentos apresentados";"986660";"1-2134350";"552742025";"1105588";"MUNICIPIO DE ENCANTADO - RS";"RS";"ENCANTADO";"REGOV/CX";"novo pac - contenção de encostas";"2125066.98";"Analisada com pendências";"";"";"";"";"";"";"";"";"";"";"24/06/2026";"SIM"
"Documentos apresentados";"986050";"";"619682025";"1106126";"MUNICIPIO DE PACATUBA - CE";"CE";"PACATUBA";"GIGOV/FO";"novo pac - substituição propostas- creches e pré-escolas de educação infantil";"5458605.35";"Analisada com pendências";"";"";"";"";"";"";"";"";"";"";"24/06/2026";"NÃO"
"Documentos apresentados";"986067";"";"365172025";"1106016";"MUNICIPIO DE MACAPA - AP";"AP";"MACAPA";"GIGOV/MC";"novo pac - creches e pré-escolas de educação infantil";"3455826.15";"Analisada com pendências";"";"";"";"";"";"";"";"";"";"";"24/06/2026";"NÃO"
"Documentos apresentados";"986131";"1-2143996";"559762025";"1106720";"MUNICIPIO DE PACARAIMA - RR";"RR";"PACARAIMA";"GIGOV/BV";"novo pac - cidades sustentáveis e resilientes - subeixo prevenção a desastres - drenagem urbana";"12234333.0";"Analisada com pendências";"";"";"";"";"";"";"";"";"";"";"24/06/2026";"SIM"
"Documentos apresentados";"985373";"1-2142694";"559902025";"1105537";"MUNICIPIO DE SANTANA - AP";"AP";"SANTANA";"GIGOV/MC";"novo pac - cidades sustentáveis e resilientes - subeixo prevenção a desastres - drenagem urbana";"11020595.0";"Analisada com pendências";"";"";"";"";"";"";"";"";"";"";"24/06/2026";"SIM"
"Documentos apresentados";"986743";"1-2143102";"553522025";"1107052";"MUNICIPIO DE PALMACIA - CE";"CE";"PALMACIA";"GIGOV/FO";"novo pac - contenção de encostas";"6322741.94";"Analisada com pendências";"";"";"";"";"";"";"";"";"";"";"24/06/2026";"SIM"
"Documentos apresentados";"986697";"1-2142687";"553002025";"1107050";"MUNICIPIO DE MACEIO - AL";"AL";"MACEIO";"GIGOV/ME";"novo pac - contenção de encostas";"2495680.0";"Analisada com pendências";"";"";"";"";"";"";"";"";"";"";"24/06/2026";"SIM"
"Documentos apresentados";"991551";"1-2161847";"688272025";"1107746";"MUNICIPIO DA ESTANCIA HIDROMINERAL LINDOIA - SP";"SP";"LINDOIA";"REGOV/JD";"novo pac - programa 2222 - ação 00tm - saneamento integrado - ogu";"11304874.03";"Analisada com pendências";"";"";"";"";"";"";"";"";"";"";"24/06/2026";"SIM"
"Documentos apresentados";"991557";"1-2162385";"688242025";"1107854";"MUNICIPIO DE NOVA SOURE - BA";"BA";"NOVA SOURE";"GIGOV/FS";"novo pac - programa 2222 - ação 00tm - saneamento integrado - ogu";"20015930.02";"Analisada com pendências";"";"";"";"";"";"";"";"";"";"";"24/06/2026";"SIM"
"Documentos apresentados";"991688";"1-2164433";"694392025";"1107947";"MUNICIPIO DE RIO DAS PEDRAS - SP";"SP";"RIO DAS PEDRAS";"GIGOV/PK";"novo pac - cidades sustentáveis e resilientes - resíduos sólidos - ogu";"2480000.0";"Analisada com pendências";"";"";"";"";"";"";"";"";"";"";"24/06/2026";"SIM"
"Documentos apresentados";"991662";"1-2164455";"694172025";"1107926";"MUNICIPIO DE NOSSA SENHORA DO SOCORRO - SE";"SE";"NOSSA SENHORA DO SOCORRO";"GIGOV/AJ";"novo pac - cidades sustentáveis e resilientes - resíduos sólidos - ogu";"8001358.98";"Analisada com pendências";"";"";"";"";"";"";"";"";"";"";"24/06/2026";"SIM"
"Documentos apresentados";"991684";"1-2164153";"694352025";"1107943";"MUNICIPIO DE SANTA MARIA DA BOA VISTA - PE";"PE";"SANTA MARIA DA BOA VISTA";"REGOV/LI";"novo pac - cidades sustentáveis e resilientes - resíduos sólidos - ogu";"1960246.56";"Analisada com pendências";"";"";"";"";"";"";"";"";"";"";"24/06/2026";"SIM"
"Documentos apresentados";"986701";"1-2143261";"553012025";"1106716";"MUNICIPIO DE JOAO PESSOA - PB";"PB";"JOAO PESSOA";"GIGOV/JP";"novo pac - contenção de encostas";"6331841.15";"Analisada com pendências";"";"";"";"";"";"";"";"";"";"";"24/06/2026";"SIM"
"Documentos apresentados";"986649";"1-2137459";"552642025";"1107048";"MUNICIPIO DE SABARA - MG";"MG";"SABARA";"GIGOV/BH";"novo pac - contenção de encostas";"59924148.8";"Analisada com pendências";"";"";"";"";"";"";"";"";"";"";"24/06/2026";"SIM"
"Documentos apresentados";"991692";"1-2164835";"694422025";"1107950";"MUNICIPIO DE CAXIAS DO SUL - RS";"RS";"CAXIAS DO SUL";"REGOV/CX";"novo pac - cidades sustentáveis e resilientes - resíduos sólidos - ogu";"1200000.0";"Analisada com pendências";"";"";"";"";"";"";"";"";"";"";"24/06/2026";"SIM"
"Documentos apresentados";"992891";"1-2166696";"32026";"1108170";"SERVICO DE AGUA E ESGOTO DO ESTADO DO ACRE - SANEACRE";"AC";"MANCIO LIMA";"GIGOV/RB";"novo pac – água para todos – abastecimento de água em áreas rurais";"519898.84";"Analisada com pendências";"";"";"";"";"";"";"";"";"";"";"24/06/2026";"SIM"
"Documentos apresentados";"992846";"1-2167680";"292026";"1108184";"ESTADO DA BAHIA";"BA";"BOM JESUS DA LAPA";"GIGOV/SA";"novo pac – água para todos – abastecimento de água em áreas rurais";"21749850.95";"Analisada com pendências";"";"";"";"";"";"";"";"";"";"";"24/06/2026";"SIM"
"Documentos apresentados";"992784";"1-2167495";"282026";"1108107";"ESTADO DA BAHIA";"BA";"MAETINGA";"GIGOV/SA";"novo pac – água para todos – abastecimento de água em áreas rurais";"5238086.2";"Analisada com pendências";"";"";"";"";"";"";"";"";"";"";"24/06/2026";"SIM"
"Documentos apresentados";"992844";"1-2166938";"2232026";"1108167";"SECRETARIA DE DESENVOLVIMENTO RURAL PESCA E COOPERATIVISMO";"RS";"HULHA NEGRA";"GIGOV/PO";"novo pac – água para todos – abastecimento de água em áreas rurais";"10045923.07";"Analisada com pendências";"";"";"";"";"";"";"";"";"";"";"24/06/2026";"SIM"
"Documentos apresentados";"992848";"1-2167493";"262026";"1108182";"ESTADO DA BAHIA";"BA";"ANAGE";"GIGOV/SA";"novo pac – água para todos – abastecimento de água em áreas rurais";"3163484.74";"Analisada com pendências";"";"";"";"";"";"";"";"";"";"";"24/06/2026";"SIM"
"Documentos apresentados";"992728";"1-2166420";"2262026";"1108129";"SECRETARIA DE DESENVOLVIMENTO RURAL PESCA E COOPERATIVISMO";"RS";"PELOTAS";"GIGOV/PO";"novo pac – água para todos – abastecimento de água em áreas rurais";"3413799.94";"Analisada com pendências";"";"";"";"";"";"";"";"";"";"";"24/06/2026";"SIM"
"Documentos apresentados";"991675";"1-2164574";"694272025";"1107935";"MUNICIPIO DE MOGI GUACU - SP";"SP";"MOGI GUACU";"GIGOV/PK";"novo pac - cidades sustentáveis e resilientes - resíduos sólidos - ogu";"2906185.0";"Analisada com pendências";"";"";"";"";"";"";"";"";"";"";"24/06/2026";"SIM"
"Documentos apresentados";"991631";"1-2164749";"694142025";"1107923";"MUNICIPIO DE ITABAIANA - SE";"SE";"ITABAIANA";"GIGOV/AJ";"novo pac - cidades sustentáveis e resilientes - resíduos sólidos - ogu";"4100000.0";"Analisada com pendências";"";"";"";"";"";"";"";"";"";"";"24/06/2026";"SIM"
"Documentos apresentados";"991665";"1-2164095";"694182025";"1107888";"MUNICIPIO DE NAVIRAI - MS";"MS";"NAVIRAI";"REGOV/DD";"novo pac - cidades sustentáveis e resilientes - resíduos sólidos - ogu";"2346867.0";"Analisada com pendências";"";"";"";"";"";"";"";"";"";"";"24/06/2026";"SIM"
"Documentos apresentados";"992893";"1-2166344";"52026";"1108172";"SERVICO DE AGUA E ESGOTO DO ESTADO DO ACRE - SANEACRE";"AC";"BRASILEIA";"GIGOV/RB";"novo pac – água para todos – abastecimento de água em áreas rurais";"1741944.59";"Analisada com pendências";"";"";"";"";"";"";"";"";"";"";"24/06/2026";"SIM"
"Documentos apresentados";"992895";"1-2166272";"1972026";"1108238";"SECRETARIA DE DESENVOLVIMENTO REGIONAL, ABASTECIMENTO, MINER";"PI";"TERESINA";"GIGOV/TE";"novo pac – água para todos – abastecimento de água em áreas rurais";"583830.39";"Analisada com pendências";"";"";"";"";"";"";"";"";"";"";"24/06/2026";"SIM"
"Documentos apresentados";"991560";"1-2162583";"688252025";"1107794";"MUNICIPIO DE CAMETA - PA";"PA";"CAMETA";"GIGOV/BE";"novo pac - programa 2222 - ação 00tm - saneamento integrado - ogu";"13926724.14";"Analisada com pendências";"";"";"";"";"";"";"";"";"";"";"24/06/2026";"SIM"
"Documentos apresentados";"986744";"1-2143649";"553542025";"1107053";"MUNICIPIO DE PACOTI - CE";"CE";"PACOTI";"GIGOV/FO";"novo pac - contenção de encostas";"9236274.12";"Analisada com pendências";"";"";"";"";"";"";"";"";"";"";"24/06/2026";"SIM"
"Documentos apresentados";"991661";"1-2164141";"694162025";"1107925";"MUNICIPIO DE TAQUARITINGA - SP";"SP";"TAQUARITINGA";"GIGOV/SR";"novo pac - cidades sustentáveis e resilientes - resíduos sólidos - ogu";"6930000.0";"Analisada com pendências";"";"";"";"";"";"";"";"";"";"";"24/06/2026";"SIM"
"Documentos apresentados";"999859";"1-2164812";"642742025";"1108076";"MUNICIPIO DE VITORIA - ES";"ES";"VITORIA";"GIGOV/VT";"novo pac áreas da união";"7772913.0";"Analisada com pendências";"";"";"";"";"";"";"";"";"";"";"24/06/2026";"SIM"
"Documentos apresentados";"991702";"1-2164063";"694492025";"1107957";"MUNICIPIO DE QUATIPURU - PA";"PA";"QUATIPURU";"GIGOV/BE";"novo pac - cidades sustentáveis e resilientes - resíduos sólidos - ogu";"3919875.24";"Analisada com pendências";"";"";"";"";"";"";"";"";"";"";"24/06/2026";"SIM"
"Documentos apresentados";"992877";"1-2166268";"2032026";"1108205";"SECRETARIA DE DESENVOLVIMENTO REGIONAL, ABASTECIMENTO, MINER";"PI";"TERESINA";"GIGOV/TE";"novo pac – água para todos – abastecimento de água em áreas rurais";"2694996.91";"Analisada com pendências";"";"";"";"";"";"";"";"";"";"";"24/06/2026";"SIM"
"Documentos apresentados";"992785";"1-2167683";"302026";"1108108";"ESTADO DA BAHIA";"BA";"CASA NOVA";"GIGOV/SA";"novo pac – água para todos – abastecimento de água em áreas rurais";"4523810.2";"Analisada com pendências";"";"";"";"";"";"";"";"";"";"";"24/06/2026";"SIM"
"Documentos apresentados";"992839";"1-2166266";"1932026";"1108162";"SECRETARIA DE DESENVOLVIMENTO REGIONAL, ABASTECIMENTO, MINER";"PI";"TERESINA";"GIGOV/TE";"novo pac – água para todos – abastecimento de água em áreas rurais";"5066159.82";"Analisada com pendências";"";"";"";"";"";"";"";"";"";"";"24/06/2026";"SIM"
"Documentos apresentados";"992889";"1-2166544";"12026";"1108168";"SERVICO DE AGUA E ESGOTO DO ESTADO DO ACRE - SANEACRE";"AC";"TARAUACA";"GIGOV/RB";"novo pac – água para todos – abastecimento de água em áreas rurais";"828909.06";"Analisada com pendências";"";"";"";"";"";"";"";"";"";"";"24/06/2026";"SIM"
"Documentos apresentados";"992890";"1-2166553";"22026";"1108169";"SERVICO DE AGUA E ESGOTO DO ESTADO DO ACRE - SANEACRE";"AC";"FEIJO";"GIGOV/RB";"novo pac – água para todos – abastecimento de água em áreas rurais";"1434606.54";"Analisada com pendências";"";"";"";"";"";"";"";"";"";"";"24/06/2026";"SIM"
"Documentos apresentados";"992802";"1-2168399";"2002026";"1108125";"INSTITUTO DE AGUAS E ESGOTOS DO PIAUI";"PI";"TERESINA";"GIGOV/TE";"novo pac – água para todos – abastecimento de água em áreas rurais";"2000000.0";"Analisada com pendências";"";"";"";"";"";"";"";"";"";"";"24/06/2026";"SIM"
"Documentos apresentados";"992852";"1-2166868";"2242026";"1108214";"SECRETARIA DE DESENVOLVIMENTO RURAL PESCA E COOPERATIVISMO";"RS";"PORTO XAVIER";"GIGOV/PO";"novo pac – água para todos – abastecimento de água em áreas rurais";"1060330.01";"Analisada com pendências";"";"";"";"";"";"";"";"";"";"";"24/06/2026";"SIM"
"Documentos apresentados";"991668";"1-2164255";"694212025";"1107929";"MUNICIPIO DE BELTERRA - PA";"PA";"BELTERRA";"REGOV/TR";"novo pac - cidades sustentáveis e resilientes - resíduos sólidos - ogu";"8168641.84";"Analisada com pendências";"";"";"";"";"";"";"";"";"";"";"24/06/2026";"SIM"
"Documentos apresentados";"992853";"1-2167300";"2252026";"1108215";"SECRETARIA DE DESENVOLVIMENTO RURAL PESCA E COOPERATIVISMO";"RS";"CANDIOTA";"GIGOV/PO";"novo pac – água para todos – abastecimento de água em áreas rurais";"9950281.1";"Analisada com pendências";"";"";"";"";"";"";"";"";"";"";"24/06/2026";"SIM"
"Documentos apresentados";"991685";"1-2163957";"694362025";"1107944";"MUNICIPIO DE TARTARUGALZINHO - AP";"AP";"TARTARUGALZINHO";"GIGOV/MC";"novo pac - cidades sustentáveis e resilientes - resíduos sólidos - ogu";"15000000.0";"Analisada com pendências";"";"";"";"";"";"";"";"";"";"";"24/06/2026";"SIM"
"Documentos não apresentados";"958364";"";"29722024";"1093290";"MUNICIPIO DE IBATIBA - ES";"ES";"IBATIBA";"GIGOV/VT";"";"5428507.15";"Doc. não enviada p/ análise";"NÃO";"NÃO";"NÃO";"SIM";"SIM";"SIM";"NÃO";"NÃO";"NÃO";"";"06/11/2024";"NÃO"
"Documentos não apresentados";"959940";"";"29442024";"1093833";"MUNICIPIO DE ASSARE - CE";"CE";"ASSARE";"REGOV/JN";"novo pac - formalização - creches e escolas de educação infantil";"5458605.35";"Doc. não enviada p/ análise";"";"";"";"";"";"";"";"";"";"";"";"NÃO"
"Documentos não apresentados";"960751";"";"32372024";"1094273";"MUNICIPIO DE MEDICILANDIA - PA";"PA";"MEDICILANDIA";"REGOV/TR";"";"3322979.59";"Doc. não enviada p/ análise";"SIM";"NÃO";"SIM";"SIM";"SIM";"SIM";"SIM";"SIM";"SIM";"";"06/11/2024";"NÃO"
"Documentos não apresentados";"961157";"";"33642024";"1094313";"MUNICIPIO DE SANTO AMARO DAS BROTAS - SE";"SE";"SANTO AMARO DAS BROTAS";"GIGOV/AJ";"";"3159504.14";"Doc. não enviada p/ análise";"SIM";"NÃO";"SIM";"SIM";"NÃO";"SIM";"SIM";"NÃO";"SIM";"";"06/11/2024";"NÃO"
"Documentos não apresentados";"961170";"";"34072024";"1094326";"MUNICIPIO DE RIO GRANDE DA SERRA - SP";"SP";"RIO GRANDE DA SERRA";"GIGOV/SD";"";"3477420.16";"Doc. não enviada p/ análise";"NÃO";"SIM";"SIM";"SIM";"SIM";"NÃO";"NÃO";"NÃO";"NÃO";"";"06/11/2024";"NÃO"
"Documentos não apresentados";"960780";"";"29052024";"1094776";"MUNICIPIO DE EPITACIOLANDIA - AC";"AC";"EPITACIOLANDIA";"GIGOV/RB";"";"3652843.65";"Doc. não enviada p/ análise";"NÃO";"SIM";"NÃO";"NÃO";"NÃO";"NÃO";"NÃO";"NÃO";"NÃO";"";"06/11/2024";"NÃO"
"Documentos não apresentados";"961859";"";"39062024";"1094867";"MUNICIPIO DE IPIXUNA - AM";"AM";"IPIXUNA";"GIGOV/MN";"";"5574637.19";"Doc. não enviada p/ análise";"SIM";"NÃO";"SIM";"SIM";"SIM";"SIM";"SIM";"SIM";"SIM";"";"06/11/2024";"NÃO"
"Documentos não apresentados";"961930";"";"32542024";"1094811";"MUNICIPIO DE RIBEIRAO DAS NEVES - MG";"MG";"RIBEIRAO DAS NEVES";"GIGOV/BH";"";"5317262.31";"Doc. não enviada p/ análise";"NÃO";"NÃO";"NÃO";"NÃO";"NÃO";"SIM";"NÃO";"NÃO";"NÃO";"";"06/11/2024";"NÃO"
"Documentos não apresentados";"961914";"";"42672024";"1094899";"MUNICIPIO DE SAO JOSE DO JACURI - MG";"MG";"SAO JOSE DO JACURI";"GIGOV/GV";"";"9261528.38";"Doc. não enviada p/ análise";"NÃO";"SIM";"SIM";"SIM";"SIM";"NÃO";"NÃO";"NÃO";"NÃO";"";"06/11/2024";"NÃO"
"Documentos não apresentados";"961909";"";"39222024";"1094871";"MUNICIPIO DE JANUARIA - MG";"MG";"JANUARIA";"REGOV/MO";"";"5317262.31";"Doc. não enviada p/ análise";"";"";"";"";"";"";"";"";"";"";"";"NÃO"
"Documentos não apresentados";"963972";"";"54962024";"1095345";"FUNDACAO CATARINENSE DE CULTURA";"SC";"BLUMENAU";"GIGOV/FL";"";"2578622.0";"Doc. não enviada p/ análise";"SIM";"NÃO";"SIM";"SIM";"SIM";"SIM";"SIM";"NÃO";"SIM";"";"06/11/2024";"NÃO"
"Documentos não apresentados";"963532";"";"54762024";"1095406";"ESTADO DE RONDONIA";"RO";"CANDEIAS DO JAMARI";"GIGOV/PV";"";"1951220.0";"Doc. não enviada p/ análise";"SIM";"SIM";"SIM";"SIM";"SIM";"SIM";"SIM";"SIM";"SIM";"";"06/11/2024";"NÃO"
"Documentos não apresentados";"962675";"";"27902024";"1095451";"MUNICIPIO DE IGARASSU - PE";"PE";"IGARASSU";"GIGOV/RE";"novo pac - formalização - creches e escolas de educação infantil";"3135514.72";"Doc. não enviada p/ análise";"";"";"";"";"";"";"";"";"";"";"";"NÃO"
"Documentos não apresentados";"962705";"";"30142024";"1095478";"MUNICIPIO DE MESQUITA - RJ";"RJ";"MESQUITA";"GIGOV/RJ";"";"6077793.14";"Doc. não enviada p/ análise";"SIM";"NÃO";"SIM";"SIM";"SIM";"SIM";"SIM";"SIM";"SIM";"";"06/11/2024";"NÃO"
"Documentos não apresentados";"962484";"";"43882024";"1095605";"MUNICIPIO DE EPITACIOLANDIA - AC";"AC";"EPITACIOLANDIA";"GIGOV/RB";"";"11329905.5";"Doc. não enviada p/ análise";"NÃO";"SIM";"NÃO";"NÃO";"NÃO";"NÃO";"NÃO";"NÃO";"NÃO";"";"06/11/2024";"NÃO"
"Documentos não apresentados";"963525";"";"54752024";"1095337";"ESTADO DE RONDONIA";"RO";"GUAJARA-MIRIM";"GIGOV/PV";"";"1951220.0";"Doc. não enviada p/ análise";"";"";"";"";"";"";"";"";"";"";"";"NÃO"
"Documentos não apresentados";"963468";"";"54652024";"1095763";"ESTADO DO RIO DE JANEIRO";"RJ";"ITABORAI";"GIGOV/RJ";"";"1951220.0";"Doc. não enviada p/ análise";"NÃO";"NÃO";"SIM";"SIM";"SIM";"SIM";"NÃO";"NÃO";"NÃO";"";"06/11/2024";"NÃO"
"Documentos não apresentados";"963969";"";"54932024";"1095342";"FUNDACAO CATARINENSE DE CULTURA";"SC";"CRICIUMA";"GIGOV/FL";"";"2578622.0";"Doc. não enviada p/ análise";"SIM";"NÃO";"SIM";"SIM";"SIM";"SIM";"SIM";"NÃO";"SIM";"";"06/11/2024";"NÃO"
"Documentos não apresentados";"963518";"";"53262024";"1095754";"ESTADO DA BAHIA";"BA";"SIMOES FILHO";"GIGOV/SA";"";"1951220.0";"Doc. não enviada p/ análise";"NÃO";"SIM";"SIM";"SIM";"SIM";"SIM";"NÃO";"NÃO";"NÃO";"";"06/11/2024";"NÃO"
"Documentos não apresentados";"963498";"";"53362024";"1095204";"ESTADO DA BAHIA";"BA";"LAURO DE FREITAS";"GIGOV/SA";"";"1951220.0";"Doc. não enviada p/ análise";"NÃO";"SIM";"SIM";"SIM";"SIM";"SIM";"NÃO";"NÃO";"NÃO";"";"06/11/2024";"NÃO"
"Documentos não apresentados";"962487";"";"44062024";"1095608";"MUNICIPIO DE NOVO ORIENTE - CE";"CE";"NOVO ORIENTE";"REGOV/JN";"novo pac - formalização - escolas em tempo integral";"9505201.31";"Doc. não enviada p/ análise";"NÃO";"NÃO";"SIM";"SIM";"SIM";"NÃO";"NÃO";"NÃO";"NÃO";"";"06/11/2024";"NÃO"
"Documentos não apresentados";"964245";"";"35632024";"1096463";"MUNICIPIO DE RIO VERMELHO - MG";"MG";"RIO VERMELHO";"GIGOV/GV";"";"3205313.21";"Doc. não enviada p/ análise";"NÃO";"SIM";"NÃO";"SIM";"SIM";"NÃO";"NÃO";"NÃO";"NÃO";"";"06/11/2024";"NÃO"
"Documentos não apresentados";"964244";"";"44022024";"1096318";"SECRETARIA DE ESTADO DE EDUCACAO";"AM";"MANAUS";"GIGOV/MN";"";"12319645.89";"Doc. não enviada p/ análise";"SIM";"NÃO";"SIM";"SIM";"SIM";"SIM";"SIM";"SIM";"SIM";"";"06/11/2024";"NÃO"
"Documentos não apresentados";"963641";"";"53642024";"1095312";"ESTADO DO ESPIRITO SANTO";"ES";"VIANA";"GIGOV/VT";"";"1951220.0";"Doc. não enviada p/ análise";"NÃO";"NÃO";"SIM";"SIM";"SIM";"SIM";"NÃO";"NÃO";"NÃO";"";"06/11/2024";"NÃO"
"Documentos não apresentados";"964267";"";"45192024";"1096328";"MUNICIPIO DE CUMARU DO NORTE - PA";"PA";"CUMARU DO NORTE";"REGOV/MB";"";"11522957.99";"Doc. não enviada p/ análise";"NÃO";"NÃO";"SIM";"SIM";"SIM";"SIM";"NÃO";"NÃO";"NÃO";"";"06/11/2024";"NÃO"
"Documentos não apresentados";"963679";"";"54492024";"1095816";"ESTADO DO RIO DE JANEIRO";"RJ";"CABO FRIO";"GIGOV/RJ";"";"1951220.0";"Doc. não enviada p/ análise";"NÃO";"NÃO";"SIM";"SIM";"SIM";"SIM";"NÃO";"NÃO";"NÃO";"";"06/11/2024";"NÃO"
"Documentos não apresentados";"964214";"";"42212024";"1096500";"MUNICIPIO DE TERESOPOLIS - RJ";"RJ";"TERESOPOLIS";"GIGOV/NT";"";"10452429.49";"Doc. não enviada p/ análise";"SIM";"SIM";"SIM";"SIM";"SIM";"SIM";"SIM";"SIM";"SIM";"";"06/11/2024";"NÃO"
"Documentos não apresentados";"964210";"";"36982024";"1096470";"MUNICIPIO DE NOVA UNIAO - RO";"RO";"NOVA UNIAO";"GIGOV/PV";"";"3622859.43";"Doc. não enviada p/ análise";"NÃO";"SIM";"SIM";"NÃO";"SIM";"SIM";"NÃO";"NÃO";"NÃO";"";"06/11/2024";"NÃO"
"Documentos não apresentados";"964282";"";"31072024";"1096269";"MUNICIPIO DE ARICANDUVA - MG";"MG";"ARICANDUVA";"REGOV/MO";"";"3205313.21";"Doc. não enviada p/ análise";"SIM";"SIM";"SIM";"SIM";"SIM";"NÃO";"SIM";"SIM";"SIM";"";"06/11/2024";"NÃO"
"Documentos não apresentados";"963347";"";"204572024";"1096257";"FUNDO ESPECIAL DE SAUDE";"MS";"CAMPO GRANDE";"GIGOV/CG";"";"60000072.0";"Doc. não enviada p/ análise";"SIM";"SIM";"SIM";"SIM";"SIM";"SIM";"SIM";"SIM";"SIM";"";"06/11/2024";"NÃO"
"Documentos não apresentados";"964574";"";"54452024";"1096591";"ESTADO DO PARANA";"PR";"SANTA TEREZINHA DE ITAIPU";"GIGOV/CT";"";"1951220.0";"Doc. não enviada p/ análise";"";"";"";"";"";"";"";"";"";"";"";"NÃO"
"Documentos não apresentados";"967493";"";"39932024";"1097784";"SECRETARIA DE ESTADO DA EDUCACAO";"MG";"UBERABA";"GIGOV/BH";"";"10881183.68";"Doc. não enviada p/ análise";"NÃO";"NÃO";"NÃO";"NÃO";"SIM";"SIM";"NÃO";"NÃO";"NÃO";"";"06/11/2024";"NÃO"
"Documentos não apresentados";"965602";"";"42872024";"1097194";"MUNICIPIO DE SAO PAULO - SP";"SP";"SAO PAULO";"GIGOV/SP";"";"9775082.35";"Doc. não enviada p/ análise";"SIM";"SIM";"SIM";"SIM";"SIM";"SIM";"SIM";"SIM";"SIM";"";"06/11/2024";"NÃO"
"Documentos não apresentados";"965557";"";"34602024";"1097129";"MUNICIPIO DE SAO PAULO - SP";"SP";"SAO PAULO";"GIGOV/SP";"";"3477420.16";"Doc. não enviada p/ análise";"";"";"";"";"";"";"";"";"";"";"";"NÃO"
"Documentos não apresentados";"965616";"";"41272024";"1097180";"SECRETARIA DE ESTADO DE EDUCACAO";"DF";"BRASILIA";"GIGOV/BR";"";"11087567.56";"Doc. não enviada p/ análise";"NÃO";"NÃO";"NÃO";"SIM";"NÃO";"NÃO";"NÃO";"NÃO";"NÃO";"";"06/11/2024";"NÃO"
"Documentos não apresentados";"967469";"";"44822024";"1097764";"ESTADO DO RIO DE JANEIRO";"RJ";"RIO DE JANEIRO";"GIGOV/RJ";"";"12174047.75";"Doc. não enviada p/ análise";"NÃO";"NÃO";"SIM";"SIM";"SIM";"SIM";"NÃO";"NÃO";"NÃO";"";"06/11/2024";"NÃO"
"Documentos não apresentados";"967492";"";"39922024";"1097783";"SECRETARIA DE ESTADO DA EDUCACAO";"MG";"PARA DE MINAS";"GIGOV/BH";"";"7810739.23";"Doc. não enviada p/ análise";"NÃO";"NÃO";"NÃO";"NÃO";"NÃO";"SIM";"NÃO";"NÃO";"NÃO";"";"06/11/2024";"NÃO"
"Documentos não apresentados";"967494";"";"39952024";"1097785";"SECRETARIA DE ESTADO DA EDUCACAO";"MG";"UBERABA";"GIGOV/BH";"";"9327093.3";"Doc. não enviada p/ análise";"NÃO";"NÃO";"NÃO";"NÃO";"SIM";"SIM";"NÃO";"NÃO";"NÃO";"";"06/11/2024";"NÃO"
"Documentos não apresentados";"968458";"";"294972024";"1098364";"ESTADO DO RIO DE JANEIRO";"RJ";"RIO DE JANEIRO";"GIGOV/RJ";"";"15700000.0";"Doc. não enviada p/ análise";"NÃO";"NÃO";"SIM";"SIM";"SIM";"SIM";"NÃO";"NÃO";"NÃO";"";"06/11/2024";"NÃO"
"Documentos não apresentados";"979347";"";"368202025";"1101868";"MUNICIPIO DE CAMBE - PR";"PR";"CAMBE";"REGOV/LD";"novo pac - creches e pré-escolas de educação infantil";"3686183.05";"Doc. não enviada p/ análise";"";"";"";"";"";"";"";"";"";"";"";"NÃO"
"Documentos não apresentados";"979314";"";"368592025";"1101893";"MUNICIPIO DE ITATIAIA - RJ";"RJ";"ITATIAIA";"REGOV/VR";"novo pac - creches e pré-escolas de educação infantil";"3883482.37";"Doc. não enviada p/ análise";"";"";"";"";"";"";"";"";"";"";"";"NÃO"
"Documentos não apresentados";"979162";"";"365952025";"1101752";"MUNICIPIO DE ARACRUZ - ES";"ES";"ARACRUZ";"GIGOV/VT";"";"3473808.73";"Doc. não enviada p/ análise";"";"";"";"";"";"";"";"";"";"";"";"NÃO"
"Documentos não apresentados";"979262";"";"369072025";"1101922";"MUNICIPIO DE PACARAIMA - RR";"RR";"PACARAIMA";"GIGOV/BV";"novo pac - creches e pré-escolas de educação infantil";"3736376.87";"Doc. não enviada p/ análise";"";"";"";"";"";"";"";"";"";"";"";"NÃO"
"Documentos não apresentados";"979447";"";"419792025";"1101972";"SECRETARIA DE ESTADO DE EDUCACAO";"DF";"BRASILIA";"GIGOV/BR";"novo pac - creches e pré-escolas de educação infantil";"3554836.18";"Doc. não enviada p/ análise";"";"";"";"";"";"";"";"";"";"";"";"NÃO"
"Documentos não apresentados";"978034";"";"366022025";"1101389";"MUNICIPIO DE VITORIA - ES";"ES";"VITORIA";"GIGOV/VT";"novo pac - creches e pré-escolas de educação infantil";"3473808.73";"Doc. não enviada p/ análise";"";"";"";"";"";"";"";"";"";"";"";"NÃO"
"Documentos não apresentados";"979350";"";"368312025";"1101877";"MUNICIPIO DE LONDRINA - PR";"PR";"LONDRINA";"REGOV/LD";"novo pac - creches e pré-escolas de educação infantil";"3686183.05";"Doc. não enviada p/ análise";"";"";"";"";"";"";"";"";"";"";"";"NÃO"
"Documentos não apresentados";"979157";"";"368802025";"1101908";"MUNICIPIO DE SUMIDOURO - RJ";"RJ";"SUMIDOURO";"REGOV/CM";"novo pac - creches e pré-escolas de educação infantil";"3883482.37";"Doc. não enviada p/ análise";"";"";"";"";"";"";"";"";"";"";"";"NÃO"
"Documentos não apresentados";"979226";"";"366702025";"1101781";"MUNICIPIO DE BELO HORIZONTE - MG";"MG";"BELO HORIZONTE";"GIGOV/BH";"novo pac - creches e pré-escolas de educação infantil";"3504118.19";"Doc. não enviada p/ análise";"";"";"";"";"";"";"";"";"";"";"";"NÃO"
"Documentos não apresentados";"979180";"";"365082025";"1101721";"MUNICIPIO DE PRESIDENTE FIGUEIREDO - AM";"AM";"PRESIDENTE FIGUEIREDO";"GIGOV/MN";"novo pac - creches e pré-escolas de educação infantil";"3661975.54";"Doc. não enviada p/ análise";"";"";"";"";"";"";"";"";"";"";"";"NÃO"
"Documentos não apresentados";"979160";"";"419832025";"1101974";"SECRETARIA DE ESTADO DE EDUCACAO";"DF";"BRASILIA";"GIGOV/BR";"novo pac - creches e pré-escolas de educação infantil";"3554836.18";"Doc. não enviada p/ análise";"";"";"";"";"";"";"";"";"";"";"";"NÃO"
"Documentos não apresentados";"979448";"";"419822025";"1101973";"SECRETARIA DE ESTADO DE EDUCACAO";"DF";"BRASILIA";"GIGOV/BR";"novo pac - creches e pré-escolas de educação infantil";"3554836.18";"Doc. não enviada p/ análise";"";"";"";"";"";"";"";"";"";"";"";"NÃO"
"Documentos não apresentados";"979152";"";"368782025";"1101906";"MUNICIPIO DE SEROPEDICA - RJ";"RJ";"SEROPEDICA";"REGOV/VR";"novo pac - creches e pré-escolas de educação infantil";"3883482.37";"Doc. não enviada p/ análise";"";"";"";"";"";"";"";"";"";"";"";"NÃO"
"Documentos não apresentados";"983123";"";"385722025";"1104456";"EMPRESA DE OBRAS PUBLICAS";"RJ";"RIO DAS OSTRAS";"GIGOV/RJ";"novo pac - ceus da cultura - propostas selecionadas – 2ª etapa";"2686643.0";"Doc. não enviada p/ análise";"";"";"";"";"";"";"";"";"";"";"";"NÃO"
"Documentos não apresentados";"986058";"";"368442025";"1106024";"MUNICIPIO DE SANTO ANTONIO DA PLATINA - PR";"PR";"SANTO ANTONIO DA PLATINA";"REGOV/LD";"novo pac - creches e pré-escolas de educação infantil";"3686183.05";"Doc. não enviada p/ análise";"";"";"";"";"";"";"";"";"";"";"";"NÃO"
"Documentos não apresentados";"986062";"";"602892025";"1106113";"MUNICIPIO DE REDENCAO - CE";"CE";"REDENCAO";"GIGOV/FO";"novo pac - substituição propostas- creches e pré-escolas de educação infantil";"5458605.35";"Doc. não enviada p/ análise";"";"";"";"";"";"";"";"";"";"";"";"NÃO"
"Documentos não apresentados";"993150";"";"3702026";"1108674";"MUNICIPIO DE PESCADOR - MG";"MG";"PESCADOR";"GIGOV/GV";"novo pac - substituição propostas- creches e pré-escolas de educação infantil - ii";"5317262.31";"Doc. não enviada p/ análise";"";"";"";"";"";"";"";"";"";"";"";"NÃO"
"Documentos não apresentados";"996915";"";"25972026";"1108792";"ESTADO DO TOCANTINS";"TO";"TOCANTINIA";"GIGOV/PM";"novo pac – indígena";"3355065.25";"Doc. não enviada p/ análise";"";"";"";"";"";"";"";"";"";"";"";"NÃO"
"Documentos não apresentados";"993775";"";"580302025";"1108320";"ESTADO DA BAHIA";"BA";"VERA CRUZ";"GIGOV/SA";"novo pac - ceus da cultura - propostas selecionadas – 2ª etapa";"2559128.0";"Doc. não enviada p/ análise";"";"";"";"";"";"";"";"";"";"";"";"NÃO"
"Documentos não apresentados";"993152";"";"3742026";"1108606";"MUNICIPIO DE IRANDUBA - AM";"AM";"IRANDUBA";"GIGOV/MN";"novo pac - substituição propostas- escolas em tempo integral – ii";"8782499.91";"Doc. não enviada p/ análise";"";"";"";"";"";"";"";"";"";"";"";"NÃO"
"Documentos não apresentados";"993765";"";"580332025";"1108322";"ESTADO DO ESPIRITO SANTO";"ES";"BAIXO GUANDU";"GIGOV/VT";"novo pac - ceus da cultura - propostas selecionadas – 2ª etapa";"2609144.0";"Doc. não enviada p/ análise";"";"";"";"";"";"";"";"";"";"";"";"NÃO"
"Documentos não apresentados";"993151";"";"3772026";"1108677";"MUNICIPIO DE MELGACO - PA";"PA";"MELGACO";"GIGOV/BE";"novo pac - substituição propostas- escolas em tempo integral – ii";"11522957.99";"Doc. não enviada p/ análise";"";"";"";"";"";"";"";"";"";"";"";"NÃO"
"Documentos não apresentados";"992503";"";"3762026";"1108676";"MUNICIPIO DE IMPERATRIZ - MA";"MA";"IMPERATRIZ";"GIGOV/SL";"novo pac - substituição propostas- escolas em tempo integral – ii";"11337691.36";"Doc. não enviada p/ análise";"";"";"";"";"";"";"";"";"";"";"";"NÃO"
"Documentos não apresentados";"992504";"";"3712026";"1108675";"MUNICIPIO DE IMPERATRIZ - MA";"MA";"IMPERATRIZ";"GIGOV/SL";"novo pac - substituição propostas- creches e pré-escolas de educação infantil - ii";"3345342.38";"Doc. não enviada p/ análise";"";"";"";"";"";"";"";"";"";"";"";"NÃO"
"Documentos não apresentados";"996920";"";"25572026";"1108753";"ESTADO DE MATO GROSSO DO SUL";"MS";"CAARAPO";"GIGOV/CG";"novo pac – indígena";"4725293.57";"Doc. não enviada p/ análise";"";"";"";"";"";"";"";"";"";"";"";"NÃO"
"Documentos não apresentados";"993763";"";"452382025";"1108319";"ESTADO DO PARANA";"PR";"MARINGA";"GIGOV/CT";"novo pac - ceus da cultura - propostas selecionadas – 2ª etapa";"2604741.43";"Doc. não enviada p/ análise";"";"";"";"";"";"";"";"";"";"";"";"NÃO"
"Documentos não apresentados";"996922";"";"25592026";"1108755";"ESTADO DE MATO GROSSO DO SUL";"MS";"DOURADOS";"GIGOV/CG";"novo pac – indígena";"4725293.57";"Doc. não enviada p/ análise";"";"";"";"";"";"";"";"";"";"";"";"NÃO"
"Documentos não apresentados";"996921";"";"25582026";"1108754";"ESTADO DE MATO GROSSO DO SUL";"MS";"DOURADOS";"GIGOV/CG";"novo pac – indígena";"4725293.57";"Doc. não enviada p/ análise";"";"";"";"";"";"";"";"";"";"";"";"NÃO"
"Documentos não apresentados";"993772";"";"580322025";"1108321";"ESTADO DA BAHIA";"BA";"PARATINGA";"GIGOV/SA";"novo pac - ceus da cultura - propostas selecionadas – 2ª etapa";"2559128.0";"Doc. não enviada p/ análise";"";"";"";"";"";"";"";"";"";"";"";"NÃO"
"Documentos não apresentados";"996876";"";"25612026";"1108757";"ESTADO DE MATO GROSSO DO SUL";"MS";"AQUIDAUANA";"GIGOV/CG";"novo pac – indígena";"4725293.57";"Doc. não enviada p/ análise";"";"";"";"";"";"";"";"";"";"";"";"NÃO"
"Documentos não apresentados";"996878";"";"25622026";"1108758";"ESTADO DE MATO GROSSO DO SUL";"MS";"AQUIDAUANA";"GIGOV/CG";"novo pac – indígena";"4725293.57";"Doc. não enviada p/ análise";"";"";"";"";"";"";"";"";"";"";"";"NÃO"
"Documentos não apresentados";"996914";"";"25962026";"1108791";"ESTADO DO TOCANTINS";"TO";"LAGOA DA CONFUSAO";"GIGOV/PM";"novo pac – indígena";"3355065.25";"Doc. não enviada p/ análise";"";"";"";"";"";"";"";"";"";"";"";"NÃO"
"Documentos não apresentados";"996913";"";"25952026";"1108790";"ESTADO DO TOCANTINS";"TO";"GOIATINS";"GIGOV/PM";"novo pac – indígena";"4193104.19";"Doc. não enviada p/ análise";"";"";"";"";"";"";"";"";"";"";"";"NÃO"
"Documentos não apresentados";"996875";"";"25602026";"1108756";"ESTADO DE MATO GROSSO DO SUL";"MS";"PARANHOS";"GIGOV/CG";"novo pac – indígena";"4725293.57";"Doc. não enviada p/ análise";"";"";"";"";"";"";"";"";"";"";"";"NÃO"
"Documentos não apresentados";"992502";"";"3802026";"1108680";"MUNICIPIO DE BONITO DE SANTA FE - PB";"PB";"BONITO DE SANTA FE";"GIGOV/JP";"novo pac - substituição propostas- escolas em tempo integral – ii";"10549131.24";"Doc. não enviada p/ análise";"";"";"";"";"";"";"";"";"";"";"";"NÃO"
